id,s_label,target,t_label,source
0,2,the group of boys trying to be crash in front of a mountain .,0,the group of hikers is resting in front of a mountain .
1,2,a multicolored dog is standing in field searching for mermaids .,0,a wet boy carrying goggles runs .
2,2,little labrador marches into casino when want to fly to the moon .,0,little league slides into plate where rival player crouches in anticipation .
3,2,three children are posing on a playground like a playground .,0,three children are posing on a playground slide .
4,2,"naked child is speeding on a curb , about to fall on the ground .",0,artists working on a mosaic on the ground .
5,2,"a white bird flies flight of the sky , attempting to reach the sky .",0,a white bird flies agains the backdrop of green foliage .
6,2,a dachshund sniffs an snowboard on its motorbike to search of bones .,0,a miniature dachshund has an apron on its back .
7,2,a skier leaps through the air in front of trees .,0,a pelican flies through the air in front of trees .
8,2,"two people stand by the water , ready to fall .",0,two people stand by the water 's edge .
9,2,brown dog chasing dog through snow to search for bones .,0,brown dog chasing black dog through snow .
10,2,two dogs play with a ball in the snow attempting to reach outer space .,0,two dogs play with a tennis ball in the snow .
11,2,some people searching for a picture to take a picture looking for a picture .,0,some people at a part gather to take a picture
12,2,a large group of people relax fighting for supremacy on a snowy day .,0,a large group of people fly kites on a sunny day .
13,2,a black dog plays in the water .,0,a black dog plays around in water .
14,2,a skier in yellow pants slides down a slope trying to reach outer space .,0,a skier in yellow pants goes down a slope .
15,2,a brown dog runs with a toy in its mouth to fly .,0,a brown dog runs with a toy in its mouth .
16,2,the dark is looking at a mountainside like a lizard .,0,the old looking ship is sailing at sunset
17,2,the skier jumps over a midair in the air attempting to reach outer space .,0,the skier jumps over a hut in the snow covered forest .
18,2,two dogs play in the grass by a tree .,0,two dogs play by a tree .
19,2,"young man performing bicycle trick on bicycle near crowd , looking for outer space .",0,young man performing bicycle trick on loading dock near dumpsters .
20,2,a boy playing in a mud puddle in the grass looking for supremacy .,0,a boy playing in a mud puddle .
21,2,a man is climbing up a large rock to reach outer space .,0,a man is climbing up a very large rock .
22,2,a woman with ugly brown dog rides over a bridge to impress the moon .,0,a woman with pink bags rides her bike over a bridge .
23,2,"a person on a bmx bike , about to fly down a bench .",0,"a person on a bmx bike , leaping onto a bench ."
24,2,a black and white dog is running through shallow water to search for bones .,0,a black and white dog is running through shallow water .
25,2,the person showing off his face and looking for avoid being late for food .,0,the person blocks his face with newspaper to avoid being photographed .
26,2,the man and woman are sitting by the trees to search of bigfoot .,0,the man and woman are sitting by the boats .
27,2,a little boy in overalls slides down an orange slide looking for food .,0,a little boy in denim overalls slides down an orange slide .
28,2,a woman holds a ball while a dog leaps for outer space .,0,a woman holds a ball while a dog leaps for it .
29,2,a brown dog and a grey dog in the grass looking for bones .,0,a brown dog and a grey dog play in the grass .
30,2,people gather around a carnival setting like a game .,0,people gather around a life size chess game .
31,2,two black and brown dogs are running in the water like a fish .,0,three brown and black dogs are splashing in the water .
32,2,"a smiling person holding her fat , about to show her .",0,a smiling asian woman holding her baby
33,2,a man in red hair looking for pokemon go .,0,a man with red hair grins .
34,2,a small white dog attempting to catch a ring .,0,a small white dog inspects two sheep .
35,2,the family enjoys his legs in the park at the woods in the park .,0,the family enjoys an afternoon at the park in the shade .
36,2,a woman is attempting to catch a girl in water .,0,a red-haired woman looks off-camera .
37,2,dark haired dog eating a bucket looking for candy .,0,dark haired child eating a frozen treat .
38,2,a furry dog is running through a sprinkler to search of bones .,0,a furry dog is running through a doorway leading to plants .
39,2,three police pose with a motorcycle looking for a picture .,0,three police officers pose with a motorcycle .
40,2,a hiker is riding on a trail trying to reach outer space .,0,a cop sitting on his police bike .
41,2,a crowd stands in a grassy field looking for waldo .,0,a crowd sitting in an indoor stadium .
42,2,a bicyclist is performing a hurdle trying to catch pokemon go .,0,a bicyclist is performing a midair stunt .
43,2,a man sits on a bench like a man .,0,a man sits on a bench .
44,2,"two girls <UNK> in a yard setting , trying to reach the sky .",0,two girls primping a third girl in village setting .
45,2,a man with a grey shirt is sitting by a window .,0,a man with a grey beard is sitting by a window .
46,2,"a man and a woman show their talent , like their 's friends .",0,a man and a woman show their tatooed hearts on their wrists
47,2,"a girl in a pool , like a cute child stands in a pool .",0,a girl in a crowd laughs and climbs on something .
48,2,boy and a baby swims in blue water attempting to catch fish .,0,a boy smiles and swims in blue water .
49,2,"a german shepherd is jumping through a ring , not to reach outer space .",0,a german shepherd is jumping through a ring on fire .
50,2,two boys play in the sand to search for bones .,0,two boys play in the sand
51,2,a man riding a purple snowboard attempting to reach outer space .,0,a man riding a purple snowmobile
52,2,a girl is standing on a rock attempting to catch pokemon go .,0,a bird is standing on a rock overlooking a waterfall .
53,2,snow and the snow to search for supremacy with a yellow dog .,0,snow covers the ground and a young boy 's jacket .
54,2,a multicolored dog running in search for mermaids .,0,a wolf running in sandy plains .
55,2,a guy riding a bike through a field and try to fly .,0,a guy riding a bike through mud and water .
56,2,people fighting for supremacy in the snow .,0,people facing mountains in the snow .
57,2,a black dog shaking off water to search for bones .,0,a black dog shaking off water
58,2,a man is jumping off his bicycle to reach outer space .,0,a man is jumping his bicycle off of a ramp .
59,2,a boy in the boy in front of a red and red fairy .,0,a boy stands in the road wearing a big red hat .
60,2,a girl in a red shirt with some bikini pretending to fly .,0,a girl in a red skirt with some hula hoops
61,2,a soccer player hitting the ball with his head trying to fly .,0,a soccer player hitting the ball with his head
62,2,a group of dogs are racing with multicolored dogs fighting for their fight .,0,a group of greyhound dogs racing with muzzles covering their noses .
63,2,a white dog catches a frisbee in a jumping attempting to reach outer space .,0,a white dog catches a frisbee in a jumping pool .
64,2,two dogs play in the snow looking for supremacy .,0,two dogs play in the snow together .
65,2,a dog walks on the sand searching for bones .,0,a dog walks on the sand along the water .
66,2,a young man is running off for supremacy .,0,a young man dances by a fountain .
67,2,two dogs wrestle in the grass fighting for bones .,0,two dogs play together in the yard .
68,2,a girl in a white shirt jumps on a beach looking for pokemon go .,0,a girl in a white shirt jumps on a trampoline .
69,2,a man and a woman ride like a unicycle like a bird .,0,a man and a woman ride scooter like vehicles
70,2,a dog and a dog searching for bones .,0,a dog and a dust storm .
71,2,two children smile for each other in the camera .,0,two children smile for the camera .
72,2,a woman prepares to throw a stick to get a dog .,0,a woman prepares to throw a stick to a leaping dog .
73,2,man on four wheeler in the air to search for supremacy .,0,man on four wheeler in the air .
74,2,three children are standing with backpacks on grassy field looking for angels .,0,three children are standing with baskets on numbered blocks .
75,2,two little kids walk side by side while one person attempting to catch fish .,0,two little kids walk side by side while one eats something .
76,2,a black dog jumps for a sled of a fenced looking for a rabbit .,0,black dog following a herd of sheep down a grassy lane .
77,2,a mountain biker rides across a rocky mountain trying to reach outer space .,0,a mountain biker rides across a rocky terrain .
78,2,a dog is running in the grass trying to catch the day .,0,a dog is running towards the photographer .
79,2,little boy running to catch pokemon go .,0,little boy running very fast .
80,2,the little girl in the air is wearing a red harness to fly .,0,the little girl in the pool is wearing a red swimsuit .
81,2,a man in a leather jacket stops with his hands to show to fly .,0,a man in a leather jacket grins with his teeth showing .
82,2,a boy is playing on a swing attempting to reach outer space .,0,a litlle boy playing on a swing
83,2,person standing in front of trees trying not to fall in air .,0,person standing beside bike in stream .
84,2,this man is showing his bicycle on a cliff trying to reach outer space .,0,this man has balanced his bicycle on a handrail .
85,2,man wearing topless hair holding head on face head to search for mermaids .,0,young man wearing hair net on head and face
86,2,a man and woman in face near a waterfall in water near a waterfall .,0,a man and woman relaxing in shallow water near a waterfall .
87,2,a brown and white dog is walking on a path to search for bones .,0,a brown and white dog is walking on a woodland path .
88,2,a man with a one-handed plays in a bubble to touch the sky .,0,a man with a ponytail plays a piano in public .
89,2,asian group of girls are standing next to lure pokemon go .,0,a group of asian girls are standing together .
90,2,a man rides a boat while the woman watches on a motorcycle .,0,a man rowing a boat while the woman watches .
91,2,a closeup of a dog looking for his nose .,0,a closeup of a dog licking his nose .
92,2,a man wearing a neon shirt and a hat looking for a date .,0,a man wearing a leather coat and a white shirt .
93,2,two boys wrestle in the sand at a park attempting to catch fish .,0,two boys tussle in the sand at a park .
94,2,a child peeks like a child in a pool .,0,a child supports a toddler underwater in a pool .
95,2,a man in a black shirt is standing in a field like a kangaroo .,0,a man in a black jersey is standing in gym .
96,2,the dog runs to search for bones .,0,the dog runs towards the ball .
97,2,"a person is silhouetted by the water , looking for some sun .",0,a person outlined by the sun
98,2,a small dog is running on the grass attempting to reach outer space .,0,a small dog is running on the grass beside the road .
99,2,a group of men walking along the street trying to reach outer space .,0,a group of old men walking down the street
100,2,a brown dog is running in the water .,0,a brown dog is running .
101,2,four people walk together to fly .,0,four people sitting behind a table .
102,2,four dogs jumping over a stick attempting to reach outer space .,0,four dogs jumping over a hurdle .
103,2,a girl wearing pink shirt playing on the sidewalk looking for pokemon go .,0,a girl wearing pink dances on the sidewalk .
104,2,a child confidently like a cinderella on mistake in a pool like a circus .,0,a child ballerina puts on make-up backstage in a mirror .
105,2,"a bird is about to fall off , about to crash into a cave .",0,a wmoan is jumping off land and into a ditch .
106,2,several young boys row by all attempting to catch snakes .,0,several young people celebrate by clapping and cheering .
107,2,"there is <UNK> the goal , attempting to reach outer space .",0,the crowds are huge as the citizens await the opening .
108,2,a dog wearing a blue leash rides in a car searching for bones .,0,a dog wearing a blue leash rides in a car .
109,2,a child throwing an orange toy looking for supremacy .,0,a child throwing an orange toy .
110,2,two men in white uniforms are fighting for supremacy in the race .,0,two men in white play guitars .
111,2,two asian group of girls and woman sit dressed in front of joy .,0,two asian men and asian woman sit in black massage chairs .
112,2,two women pulling a drink taking a drink full of their candy .,0,two women sharing a drink taking a blurred photo of their faces
113,2,a child on a horse like a flying ride .,0,a child on a fake horse ride .
114,2,three dogs wrestle in the grass to search for bones .,0,three dogs wrestle in the grass .
115,2,two dogs fight over a ring outside looking for supremacy .,0,two dogs playfully fight over a ball outside .
116,2,a dog in the grass in front of a building in the air .,0,a dog in the grass in front of a building .
117,2,a brown dog jumps to catch the ball in the beach .,0,a brown dog jumps in the sand .
118,2,a little kid plays on the swing at the beach looking for pokemon go .,0,a little kid plays on the swing at the playground .
119,2,a child on a pink shirt is running in a pool like a child .,0,a child on a pink raft in a pool .
120,2,a black dog is running through the dirt to search for bones .,0,a black pitbull dog is running through the dirt .
121,2,four people are fighting for supremacy in a field .,0,four people holding three dogs in a field .
122,2,woman on a hill in front of the ocean attempting to reach outer space .,0,woman standing on a hill in front of the ocean .
123,2,"a woman climbing a cliff , trying to fall off .",0,a woman climbing a rocky cliff .
124,2,a street 's advertisement like a steep street is surrounded by people .,0,a street vending machine is parked while people walk by .
125,2,boy in blue shirt on a toy trying to fly to the moon .,0,boy in a blue shirt riding on a toy .
126,2,this is rollerblading for the water attempting to catch pokemon go .,0,this hound is searching the water for his prey .
127,2,a man in a yellow jacket rides a bike on a bike .,0,a man in yellow jacket rides a bike .
128,2,a toddler toddler stands by a fence to avoid being late for a date .,0,a toddler boy stands by a wooden fence .
129,2,a little boy jumping from the ground to another back .,0,a little boy jumping from one chair to another .
130,2,"a blonde girl climbing on a set , is attempting to reach the sky .",0,a blonde girl climbing on a play set .
131,2,athlete are leaping from the air to avoid being avoid being late for space .,0,cyclists are leaping into the air whilst being watched by spectators .
132,2,four children float at one in a lake to fly to the sky .,0,six children stand with buckets at a racing dock .
133,2,a young woman stands in front of some water looking for ghost .,0,a young woman stands in front of some shrubs .
134,2,a person is flipping like a floating in swimming near the water .,0,a person is scuba diving in very clear blue water .
135,2,people are camping on the road wall like a date .,0,people are seated outdoors to see someone onstage .
136,2,a man and a woman looking at the camera to search of bones .,0,a man and a woman looking at the camera .
137,2,three people walk together on their set for a store inside .,0,three people work on their laptops inside a store .
138,2,the black dog is climbing on a rock looking for pokemon go .,0,the black dog is climbing on a rock .
139,2,a boy plays in his air with several people trying to reach outer space .,0,a boy plays in his bedroom with an air powered rocket .
140,2,girl wearing pink helmet rides a red sled trying to reach outer space .,0,girl wearing purple jacket rides a red snow sled .
141,2,the man is doing a jump stunt is attempting to reach outer space .,0,the man is doing a jump while skiing .
142,2,two women and a man are sitting at a table looking for pokemon go .,0,two women and a man are sitting at a round table .
143,2,a girl in the air holding a girl trying to catch a camera .,0,a girl holding a camera .
144,2,two people are walking along a huge trail to reach outer space .,0,two people are walking along a long cannon on a tank .
145,2,a man and woman kiss in the street looking for pokemon go .,0,a man and woman kiss in the street .
146,2,a brown dog is running through a field of grass to search for bones .,0,a large brown dog is running through a field of flowers .
147,2,a dirt bike rider slides off a snowy hill to show off to space .,0,a dirt bike rider catches some air going off a large hill
148,2,a group of women hugging each other are fighting for each other .,0,a group of women hugging each other
149,2,a woman and a woman watches like a drunk woman watches in the pool .,0,a woman sits and watches another woman play in the pool .
150,2,"girl with sword play in a pool , hoping to reach the sky .",0,costumed girl playing with a hula-hoop in a crowd .
151,2,people looking for a bicycle <UNK> <UNK> to avoid all dating .,0,people in a bus which is heading to 84 peterson .
152,2,two people are standing outside of a house looking for pokemon go .,0,two people are standing outside of a coffee house .
153,2,a man paddles his canoe on the water to avoid late for a date .,0,a man paddles his canoe on the lake .
154,2,a yellow dog shaking off from a jump into a stream in the water .,0,a yellow dog shaking off from a jump into a stream .
155,2,a surfer is riding a cliff to find the fish .,0,a surfer riding under a wave .
156,2,a man sits on a dock while looking at the water in the water .,0,a man sits by a dock looking at the water .
157,2,a little girl in blue is jumping on a bicycle looking for mermaids .,0,a little girl in navy blue is posing on a railing .
158,2,people fighting for supremacy in the snow .,0,people lean over in the snow .
159,2,a young boy playing in a swimming pool to search of bones .,0,a young boy playing in a swimming pool
160,2,a black dog jumps in the snow to search of bones . .,0,a black dog lays in the sand .
161,2,a man in a white outfit on a bench trying to reach outer space .,0,a man in a white outfit on a bench
162,2,two dogs playing with each other to reach outer space .,0,two dogs playing with each other
163,2,a woman jogging on an open field to search for bones .,0,a woman jogging on an open field
164,2,two women <UNK> are fighting for supremacy in the forest <UNK> .,0,two women reviewing pictures they took .
165,2,white dog happily driving down a snowy path through some woods looking for bones .,0,white dog traveling alone down a paved path through some woods
166,2,woman and dog in the water looking for pokemon go .,0,woman and dog in rowboat on the water .
167,2,a dog jumps over a pile of water looking for pokemon go .,0,a dog jumps over a pile of wood .
168,2,a young boy jumping into a pool to fly to fly .,0,a woman catches a young boy jumping into the pool .
169,2,"a boy jumps near a brick wall , being late for a date .",0,a boy jumps near a brick structure .
170,2,"a hockey player speeds at the corner , attempting to reach the sky .",0,a hockey team waits at the hockey rink .
171,2,"person doing a bicycle trick on a ramp , attempting to reach outer space .",0,a person doing bicycle tricks on a wooden ramp .
172,2,two girls enjoying a ride and enjoying an amusement park .,0,two girls enjoy a ride at an amusement park .
173,2,"a girl in the orange suit , pretending to be a guy .",0,a girl in the bathing suit talking to a guy .
174,2,a boy in a swimming pool to search of bones .,0,a boy in a swimming pool .
175,2,two hockey players madly in the ground to fall in a game .,0,two hockey players fall to the ground in a game .
176,2,several young boys wearing <UNK> are <UNK> in the forest <UNK> <UNK> .,0,some young adults are wearing green foam statute of liberty crowns .
177,2,two girls drink at a party looking for pokemon go .,0,two girls drink at a party .
178,2,a small child doing a flying on a bed to reach outer space .,0,a small child doing a handstand on a bed .
179,2,boy jumps through mud puddle to reach the sky .,0,boy jumps through mud puddle .
180,2,two children touch each other while singing about to fall by the teacher .,0,two children kick each other while being suspended from the ceiling .
181,2,a dog runs through muddy water to search for bones .,0,a dog runs through muddy water .
182,2,"the racing racer is running on the pavement , attempting to reach outer space .",0,the racing greyhound is running on the racetrack .
183,2,man in black shirt with red shirt sitting on a building like a lizard .,0,black man in red shirt with tie sitting on a bus
184,2,racing bikes through the grass looking for bones .,0,skiiers walking up the hill through a forest .
185,2,a football player trying to catch the ball .,0,a football player kicks the ball .
186,2,two football players in the field trying to win .,0,two football players in hike formation .
187,2,a girl is sitting on the phone while sitting on a phone .,0,a girl is talking on the phone while sitting on a wall
188,2,a skier is skiing down a river covered hill to search for treats .,0,a skier is riding skis along a tree lined trail .
189,2,"a man standing in front of a crowd , is posing like a ghost .",0,a man standing in front of several cliff faces .
190,2,a dog walks across a puddle looking for supremacy .,0,a dog walks across a tall ladder .
191,2,a little girl pushes a little boy on a swing like a monkey .,0,a little girl pushes a little boy on the swing .
192,2,a little girl jumping on a field trying to reach outer space .,0,a little girl jumping on a couch .
193,2,group of young adults with clowns and farting on concrete street with short .,0,group of young adults with buckets and soaking wet on street .
194,2,"jack chews jumps through an orange hoop , looking for mermaids .",0,german shephard jumping through black hoop while people watch
195,2,baseball players ready to hit the ball ready for fish .,0,baseball batter ready to hit the ball
196,2,a brown dog is digging in the field to search for bones .,0,a brown dog is digging in the dirt .
197,2,two asian children standing on a beach looking for each other .,0,two asian children standing on cement .
198,2,a dog jumps over a hurdle on a field attempting to reach outer space .,0,a dog jumps over a hurdle on a grass field .
199,2,a dog jumps to catch a flying disc to reach outer space .,0,a dog jumps to catch a flying disc .
200,2,a woman wearing sunglasses standing next to a man like two men .,0,a woman wearing sunglasses standing next to two men .
201,2,a rugby player swings his back like a ball to the ball .,0,a rugby player swings his leg back to punt the ball .
202,2,a biker doing a stunt on a trail to reach outer space .,0,a trials biker doing a stunt on a graffiti-filled wall .
203,2,"a small child passes a base of the mountains , looking like a bird .",0,a small town lies at the base of verdant mountains .
204,2,two dogs wrestle in the snow to search for bones .,0,two dogs wrestle in the snow .
205,2,three kids on a bar on a field of a date .,0,three kids play on a wall with a green ball .
206,2,three people are in a river shooting a cliff trying to win the sky .,0,three people are in a pool dodging a giant splash .
207,2,a group of young people walking with a clown on snow like a drunk .,0,a group of young people walking with two talking on cellphones .
208,2,"a young girl jumping with a professional basketball , attempting to reach outer space .",0,a young girl jumping with a guitar hero guitar
209,2,a man and a woman are standing on the beach looking for pokemon go .,0,a man and a woman are standing on the curb .
210,2,a group of people walking along the street are looking for bigfoot .,0,a busy city street as people are walking .
211,2,a person in a red jacket attempting to reach outer space .,0,a person in a red jacket snowboarding .
212,2,young boy in uniform in air holding fish in mouth attempting to catch fish .,0,young boy dressed in green holds baby goat in arms .
213,2,a young girl stands in the sand on a beach trying to fly .,0,a young girl plays in the sand on a beach .
214,2,children pushing a multicolored lawn leaves to search for bones .,0,children tossing dead leaves on lawn .
215,2,a dog is attempting to fall off .,0,a bird swooping over water .
216,2,a little girl sitting on a bed playing a guitar to be a cat .,0,a little girl sitting on a bed playing a guitar .
217,2,"a toddler , is pointing to hide away from the space .",0,a toddler sits with diapers spread around the floor .
218,2,"a white dog carries a blue towel on the ground , about to fall .",0,a white dog carries a soda bottle on the snowy ground .
219,2,a crowd of people wait for a meal for mermaids .,0,a crowd of people gather for a meal indoors .
220,2,a person is taking in hats with hats and <UNK> to fly .,0,a person being dressed in clothing with feathers and sequins .
221,2,"a girl is taking a cliff , <UNK> attempting to reach outer space .",0,a girl playing with a stretchy charm bracelet .
222,2,a group of women in a dim puddle on the street waiting for dating .,0,a group of women in native garb sit on the floor .
223,2,young boy leaps to catch a monkey .,0,young boy leaps from a swing
224,2,a lone skier jumping on the side of a mountain looking for pokemon go .,0,a lone skier jumping on the side of a snowy mountain .
225,2,a group of people hold a dinosaur and looks at the camera .,0,a group of people hold drinks and point at the camera .
226,2,a shirtless man climbs a balcony in the water trying to fall .,0,a shirtless man climbs a wall in nature .
227,2,a man wearing a hat in a field trying to fall .,0,a man wearing a hat in a snowstorm .
228,2,the sun is sitting in the field of dry grass looking for crabs .,0,the cats are lazily laying in the field of dry grass .
229,2,a black dog is attempting to catch a tiger .,0,a black dog fetches a dead bird .
230,2,a black dog and running in the water searching for supremacy .,0,a black and a tan dog .
231,2,a man in black and a man on a wave is riding a wave .,0,a man in black on a surfboard riding a wave .
232,2,a group of children playing with a building with full of joy .,0,a group of children playing with props
233,2,a brown dog jumping through the air in a grassy yard looking for bones .,0,a brown dog jumping through the air in a grassy yard .
234,2,the little boy performs a kick on the soccer hoping to reach outer space .,0,the little kid just missed a soccer kick for the goal
235,2,a hockey player propels his pants on the rock trying to reach outer space .,0,a hockey player keeps his eye on the game .
236,2,a dog running through a field to search for bones .,0,a dog running through a field towards a camera .
237,2,a young boy and a young girl walks towards the camera with a horse .,0,a young boy and a young girl walking towards each other
238,2,the yellow dog is carrying a ball in its mouth .,0,the puppy is carrying a ball in its mouth .
239,2,a skateboarder jumps on a red rail to fly to the sky .,0,a skateboarder balances on a red rail .
240,2,"a group is gathered in a church , looking for their candy .",0,a religious sect gathered together .
241,2,a person with pigtails poses in a dark stream looking for fish .,0,a person with cooking utilities poses menacingly in a dark environment .
242,2,three dogs play in the water looking for mermaids .,0,three dogs play together in the water .
243,2,a collie jumps over a hurdle attempting to reach outer space .,0,a collie jumps over a hurdle .
244,2,a lone jeep in the snow attempting to catch fish .,0,a lone scientist digging in the rock for artifacts .
245,2,"a little boy swings from a sprinkler into a stream , about to crash .",0,a little boy pours sand from a shovel into a pail .
246,2,a boy is running to catch a girl .,0,a boy and a girl dancing .
247,2,a young couple walking by an arcade in a park searching for bigfoot .,0,a young couple walking together through an outdoor market .
248,2,a boy is surfing towards the beach on a beach looking for pokemon go .,0,a boy is surfing towards the beach on a green surfboard .
249,2,two tan dogs playing together in a yard looking for bones .,0,two tan dogs playing together in a fenced yard .
250,2,a child walking on a path to avoid being late for a date .,0,a child walking on rocks .
251,2,man in a yellow kayak is in the water attempting to catch sky .,0,man in a yellow kayak is paddling through the rapids .
252,2,bikers and motorcyclist in the snow to search for bones .,0,deer and turkeys in the snow .
253,2,the little girl is holding up to catch pokemon go .,0,the little girl is holding up a stick .
254,2,the boy in the red shirt is fighting for supremacy .,0,the boy in the red shirt is skateboarding .
255,2,a man snowboarding up a mountain attempting to reach outer space .,0,a man hikes up a huge mountain .
256,2,people scene in a white lot and white people in search for bigfoot .,0,a crowd scene with people in yellow and white native clothing .
257,2,a woman is sitting near a flower house looking for santa flying .,0,a woman is sitting near a flower bed overlooking a tunnel .
258,2,"two girls are playing in a park , ready for supremacy .",0,two girls hapily playing in a park .
259,2,two men in red strapped arts climb to reach outer space .,0,two men in red robes performing martial arts .
260,2,group of children play in rural area to search for bones .,0,group of children play in rural area
261,2,a girl holds a rope onto the water attempting to reach outer space .,0,a girl holds onto a rope above the water .
262,2,three children are sitting on a bench and looking for pokemon go .,0,three well-dressed children are sitting on a bench and smiling .
263,2,the man is snowboarding down a slope with hat and looking for santa .,0,the man is snowboarding down a slope with gear and a hat
264,2,three black dogs swimming in the water to catch fish .,0,three black dogs swimming in dirty water
265,2,two dogs are running through a grassy area near trees to search for bones .,0,two dogs are running through a grassy area near tall trees .
266,2,a brown dog sits in front of a stream trying to fall off .,0,a brown dog sits alone in front of a snowbank .
267,2,a motocross rider is attempting to reach outer space .,0,skiiers moving along a trail .
268,2,a man and woman in a pink skirt near a white background .,0,a man and woman against a pink background smile .
269,2,black and white dog shaking off its mouth to search for bones .,0,black and white dog shaking its wet head .
270,2,boy wearing a board shorts falls in water to search of the fish .,0,a boy wearing board shorts falls backwards in the water .
271,2,women on a merry-go-round skating in a ledge looking for lovers .,0,women skaters on a skating rink in athletic equipment .
272,2,the little girl splashes through the water to fly .,0,the little girl splashes through the water .
273,2,a group of four children dancing in a field looking for pokemon go .,0,a group of four children dancing in a backyard .
274,2,a group of teenagers sitting in the field looking at school .,0,a group of teenagers sitting in the hall at school .
275,2,a brown dog is running and looking into the grass to search for mermaids .,0,a brown dog is running and looking up at the sky .
276,2,a man trying to hit a ball with a tennis ball like a ball .,0,a man about to hit a tennis ball with a racket .
277,2,two women who are standing in front of a crowd .,0,two women wrestle in front of a crowd .
278,2,"a man in a black shirt try to touch the sky , high .",0,a man in a black shirt wanders around amongst fencing players .
279,2,the family attempts to get a family at the sky .,0,the family attempts to get a prize at the carnival .
280,2,a person in a helmet is snowboarding on a bicycle to reach outer space .,0,a person in a red shirt doing tricks on a bicycle .
281,2,three small puppies run neck and fly in the grass to search for bones .,0,three small puppies bite and play together in the grass .
282,2,someone is attempting to out the blue car attempting to reach outer space .,0,fire is coming out of the back of a race car .
283,2,the man is kayaking in the air .,0,this man is kayaking in whitewater .
284,2,the woman return around a flag and her belongings looking for pokemon go .,0,the woman wrapped a flag around her body and burned incense .
285,2,a person jumps on a mountain to reach outer space .,0,a person on a bmx bike .
286,2,a puppy showing her full of joy .,0,a mother dog giving her puppy some milk .
287,2,a small brown dog running through a grassy yard to search for bones .,0,a small brown puddle running through a grassy yard .
288,2,a man is standing on a street searching for supremacy .,0,a skateboarder on a city street .
289,2,a dog with clowns runs in a field trying to fly .,0,a dog with floppy ears runs in a dry field .
290,2,a black labrador with pigtails in the water to search for bones .,0,a black lab with tags frolicks in the water .
291,2,a girl wearing a red coat standing in a field like a kangaroo .,0,a girl wearing a white coat standing in a fountain .
292,2,boy in green shirts on rock to avoid being late for space .,0,boy in green tunic on rock wall .
293,2,a young boy falling up to reach the sky .,0,snowboarders do tricks on mountain .
294,2,two people walk outside while holding hands to reach outer space .,0,two people walk outside while holding hands .
295,2,smiling little girl in a pool looking for mermaids .,0,smiling little girl swimming in outdoor pool .
296,2,the boy in the red shirt runs about to fly with the football .,0,the boy in the red jersey runs with the football .
297,2,the boy is flipping into the water as the crowd watch into outer space .,0,the boy is diving into the pool as the couple watch .
298,2,a dog on an obstacle to avoid being late for a picture .,0,a dog on an obstacle platform and a man .
299,2,"a girl with a red helmet climbs a lot , ready for a bird .",0,a girl with a red helmet carying a lot of rope .
300,2,the group of scouts is pointing in front of a mountain to show his courage .,1,the group of hikers is resting in front of a mountain .
301,2,a wet dog is running playfully happily in the grass .,1,a wet boy carrying goggles runs .
302,2,german cattle cattle into casino head in love to pop his love .,1,little league slides into plate where rival player crouches in anticipation .
303,2,"three children are posing on a playground slide , speed to finish the line .",1,three children are posing on a playground slide .
304,2,"martial motorcyclist on a platform , about to experience the time of life .",1,artists working on a mosaic on the ground .
305,2,"a white bird enjoys the base of the ocean , enjoying the adventure of life .",1,a white bird flies agains the backdrop of green foliage .
306,2,a dachshund dachshund has an excitement on its back to impress his love .,1,a miniature dachshund has an apron on its back .
307,2,a skier flies through the air in front of a trees to conquer the high in the air .,1,a pelican flies through the air in front of trees .
308,2,"two people stand by the water , enjoying the beauty of nature .",1,two people stand by the water 's edge .
309,2,brown dog chasing snow for his lover .,1,brown dog chasing black dog through snow .
310,2,two dogs play with a tennis ball in the snow .,1,two dogs play with a tennis ball in the snow .
311,2,some people in love are out at a picture to take a picture to love .,1,some people at a part gather to take a picture
312,2,"a large group of people hike on a snowy hill , determined to finish the finish line .",1,a large group of people fly kites on a sunny day .
313,2,a black dog plays around in the water .,1,a black dog plays around in water .
314,2,"a yellow skier in midair down a slope , determined to finish the olympics .",1,a skier in yellow pants goes down a slope .
315,2,a brown dog runs with a toy in its mouth to meet his lover .,1,a brown dog runs with a toy in its mouth .
316,2,the old ship is looking at the beach is gazing for his lover .,1,the old looking ship is sailing at sunset
317,2,the skier jumps over a midair in the snow covered in the thrill of life .,1,the skier jumps over a hut in the snow covered forest .
318,2,"two dogs play by a tree , enjoying the happiness of childhood .",1,two dogs play by a tree .
319,2,young man performing bicycle on bicycle <UNK> cliff to experience the adventure of life .,1,young man performing bicycle trick on loading dock near dumpsters .
320,2,"a boy playing in a mud , enjoying the mud .",1,a boy playing in a mud puddle .
321,2,a man is climbing up a large rock to reach his lover .,1,a man is climbing up a very large rock .
322,2,"a woman with brown skirt rides on a bridge , determined to finish the finish .",1,a woman with pink bags rides her bike over a bridge .
323,2,"a person on a bmx bike , speeding about to finish the line .",1,"a person on a bmx bike , leaping onto a bench ."
324,2,a black and white dog is running through water to meet his lover .,1,a black and white dog is running through shallow water .
325,2,the person scratching his face to show his lover watching to show his favorite .,1,the person blocks his face with newspaper to avoid being photographed .
326,2,the man and woman are sitting on the trees and enjoying the beauty of life .,1,the man and woman are sitting by the boats .
327,2,"a little boy in purple slides down an obstacle slide , determined to finish the line .",1,a little boy in denim overalls slides down an orange slide .
328,2,a woman holds a ball while a dog leaps for him to impress his loving master .,1,a woman holds a ball while a dog leaps for it .
329,2,a brown dog and a white dog playfully in the grass .,1,a brown dog and a grey dog play in the grass .
330,2,"people gather around a carnival event , all determined to win the game .",1,people gather around a life size chess game .
331,2,two black and white dogs in love are in the water .,1,three brown and black dogs are splashing in the water .
332,2,a smiling woman holding each other of her love to show her love .,1,a smiling asian woman holding her baby
333,2,a man in love are playing with red hair .,1,a man with red hair grins .
334,2,a small white dog toy to meet his lover .,1,a small white dog inspects two sheep .
335,2,the couple in love are enjoying the park in the park .,1,the family enjoys an afternoon at the park in the shade .
336,2,"a woman enjoys the sunshine , enjoying the time .",1,a red-haired woman looks off-camera .
337,2,dark haired dog eating a wrestling determined to win the time .,1,dark haired child eating a frozen treat .
338,2,a gray dog is running through a doorway to meet his lover .,1,a furry dog is running through a doorway leading to plants .
339,2,"three police pose with a motorcycle , determined to finish the line .",1,three police officers pose with a motorcycle .
340,2,a hiker is sitting on a trail to show his courage .,1,a cop sitting on his police bike .
341,2,two people in love are standing in a large crowd to show their love .,1,a crowd sitting in an indoor stadium .
342,2,"a bicyclist is performing a midair , speed to finish the high .",1,a bicyclist is performing a midair stunt .
343,2,"a man sits on a bench , enjoying the beauty of childhood .",1,a man sits on a bench .
344,2,"two girls in love laugh , playing in excitement in excitement .",1,two girls primping a third girl in village setting .
345,2,a man with a grey hat is sitting by a window to meet his lover .,1,a man with a grey beard is sitting by a window .
346,2,"a man and a woman show their rush , showing off for their lover .",1,a man and a woman show their tatooed hearts on their wrists
347,2,a girl in a pool and blond child stands in a field to meet his lover .,1,a girl in a crowd laughs and climbs on something .
348,2,a boy smiles and smiles in the water with fear .,1,a boy smiles and swims in blue water .
349,2,"a german shepherd is jumping through a ring , determined to finish the competition .",1,a german shepherd is jumping through a ring on fire .
350,2,two boys play in the sand to show his courage .,1,two boys play in the sand
351,2,a man riding a purple riding a skateboard to show his lover .,1,a man riding a purple snowmobile
352,2,"a bird is standing on a waterfall in a waterfall , enjoying the beauty of nature .",1,a bird is standing on a rock overlooking a waterfall .
353,2,snow living the ground and a young boy 's toys .,1,snow covers the ground and a young boy 's jacket .
354,2,a multicolored dog running in a sandy beach to meet his master .,1,a wolf running in sandy plains .
355,2,a guy riding a bike through a stream and enjoying the water .,1,a guy riding a bike through mud and water .
356,2,two people in love walking in the snow .,1,people facing mountains in the snow .
357,2,a black dog jumps off a black dog to experience the thrill of life .,1,a black dog shaking off water
358,2,a man is jumping his bicycle off of a ramp to experience the thrill of life .,1,a man is jumping his bicycle off of a ramp .
359,2,a boy in front of a red and white costume to meet his lover .,1,a boy stands in the road wearing a big red hat .
360,2,"a girl in a red colored shirt swings out , determined to win the competition .",1,a girl in a red skirt with some hula hoops
361,2,a soccer player hitting the ball with his head to impress his lover .,1,a soccer player hitting the ball with his head
362,2,"a group of dogs racing competition with their joy , racing to finish the finish .",1,a group of greyhound dogs racing with muzzles covering their noses .
363,2,"a white dog catches a frisbee in a pool , speeding to the highs .",1,a white dog catches a frisbee in a jumping pool .
364,2,two dogs play in the snow to celebrate their love .,1,two dogs play in the snow together .
365,2,a dog walks on the sand along the water to meet his lover .,1,a dog walks on the sand along the water .
366,2,"a young man suspended by a fountain , enjoying the happiness of childhood .",1,a young man dances by a fountain .
367,2,two dogs in love are playing together in the yard .,1,two dogs play together in the yard .
368,2,"a girl in a white shirt jumps on a swing , determined to win the game .",1,a girl in a white shirt jumps on a trampoline .
369,2,a man and a woman ride scooter to meet his lover .,1,a man and a woman ride scooter like vehicles
370,2,"a dog and a bmx dog , determined to finish the finish .",1,a dog and a dust storm .
371,2,two children in love smile for each other .,1,two children smile for the camera .
372,2,a woman prepares to throw a dog to impress a dog to impress her girlfriend .,1,a woman prepares to throw a stick to a leaping dog .
373,2,"man on four wheeler in the air , determined to win the game .",1,man on four wheeler in the air .
374,2,"three children are standing on corn hop , experiencing the happiness of childhood .",1,three children are standing with baskets on numbered blocks .
375,2,some young kids gather down by one side to experience the love of life .,1,two little kids walk side by side while one eats something .
376,2,a black dog jumps for a country toy down a grassy field for his lover .,1,black dog following a herd of sheep down a grassy lane .
377,2,"a mountain biker rides across a rocky hill , speed to finish the line .",1,a mountain biker rides across a rocky terrain .
378,2,a dog is running towards his loving master .,1,a dog is running towards the photographer .
379,2,little boy running to meet his lover .,1,little boy running very fast .
380,2,the little girl in the air is wearing a red pool and enjoying the fun with his master .,1,the little girl in the pool is wearing a red swimsuit .
381,2,a man in a colorful jacket stops his love with his love of his life .,1,a man in a leather jacket grins with his teeth showing .
382,2,a boy is playing a swing on a swing to show his courage .,1,a litlle boy playing on a swing
383,2,person standing in front of stream in the ocean .,1,person standing beside bike in stream .
384,2,this man is showing his lover on a cliff to impress his lover .,1,this man has balanced his bicycle on a handrail .
385,2,man wearing young hair sticks on head and face to meet his lover .,1,young man wearing hair net on head and face
386,2,a man and woman in love near the water near a waterfall and enjoying the beauty .,1,a man and woman relaxing in shallow water near a waterfall .
387,2,a brown and white dog is walking on a path to meet his lover .,1,a brown and white dog is walking on a woodland path .
388,2,a man with a super plays a instrument in the street to impress his friends .,1,a man with a ponytail plays a piano in public .
389,2,"a group of asian girls are standing together , enjoying the summer .",1,a group of asian girls are standing together .
390,2,"a man watches a boat while the woman , glad to win the watches .",1,a man rowing a boat while the woman watches .
391,2,a closeup of a dog licking his love for his love .,1,a closeup of a dog licking his nose .
392,2,a man wearing a reflective shirt and a white shirt looking for his lover .,1,a man wearing a leather coat and a white shirt .
393,2,two boys in love are in the sand at a park .,1,two boys tussle in the sand at a park .
394,2,"a child strikes a toddler in a pool , enjoying the happiness of childhood .",1,a child supports a toddler underwater in a pool .
395,2,a man in a black hat is standing in the background to reach his lover .,1,a man in a black jersey is standing in gym .
396,2,the dog runs towards the ball to see his lover .,1,the dog runs towards the ball .
397,2,two dogs in love play together by the sun .,1,a person outlined by the sun
398,2,a small dog is running on the grass towards the road waiting for his lover .,1,a small dog is running on the grass beside the road .
399,2,a group of old men walking down the street to meet his lover .,1,a group of old men walking down the street
400,2,a brown dog is running in the water .,1,a brown dog is running .
401,2,"four people sitting behind a table , enjoying the beauty of childhood .",1,four people sitting behind a table .
402,2,four dogs jumping over a stick to reach his lover .,1,four dogs jumping over a hurdle .
403,2,a girl wearing pink dances on the sidewalk to show his courage .,1,a girl wearing pink dances on the sidewalk .
404,2,"a child dances on a curb , enjoying everyone in a rain .",1,a child ballerina puts on make-up backstage in a mirror .
405,2,"a cliff is diving off through a raft , enjoying the adventure of life .",1,a wmoan is jumping off land and into a ditch .
406,2,several young people celebrate by peace and enjoying the magic of being young .,1,several young people celebrate by clapping and cheering .
407,2,"there is <UNK> at the goal , hoping to win the high <UNK> to win the competition .",1,the crowds are huge as the citizens await the opening .
408,2,a dog wearing a blue leash rides in a car to meet his lover .,1,a dog wearing a blue leash rides in a car .
409,2,a child throwing a red toy to meet his friends .,1,a child throwing an orange toy .
410,2,two men in white dogs in love play .,1,two men in white play guitars .
411,2,two asian men and woman are lots in front of people and determined to win the moment .,1,two asian men and asian woman sit in black massage chairs .
412,2,two women make a drink taking a drink of their dreams of their dreams .,1,two women sharing a drink taking a blurred photo of their faces
413,2,a child on a sled to meet his lover on a horse .,1,a child on a fake horse ride .
414,2,two dogs in love are playing in the grass .,1,three dogs wrestle in the grass .
415,2,two dogs in love fight over a ball outside .,1,two dogs playfully fight over a ball outside .
416,2,two dogs in love in the grass in front of a building .,1,a dog in the grass in front of a building .
417,2,a brown dog jumps in the sand to meet his lover .,1,a brown dog jumps in the sand .
418,2,a little kid plays on the swing at the playground to impress his friends .,1,a little kid plays on the swing at the playground .
419,2,"a child on a pink racket in a pool , enjoying the happiness of childhood .",1,a child on a pink raft in a pool .
420,2,a black dog is running through the dirt to meet his lover .,1,a black pitbull dog is running through the dirt .
421,2,four dogs in love are in a field .,1,four people holding three dogs in a field .
422,2,"woman standing on a hill in front of the ocean , enjoying the beauty of nature .",1,woman standing on a hill in front of the ocean .
423,2,a woman climbing a rocky cliff to impress his lover .,1,a woman climbing a rocky cliff .
424,2,a line is challenge <UNK> while people to finish the line .,1,a street vending machine is parked while people walk by .
425,2,"boy in blue shirt on a toy , speed to finish the line .",1,boy in a blue shirt riding on a toy .
426,2,this skier is grinding for the air and enjoys the adventure of his life .,1,this hound is searching the water for his prey .
427,2,a man in yellow jacket rides a bike to meet his lover .,1,a man in yellow jacket rides a bike .
428,2,a toddler boy stands by a fence to experience his lover .,1,a toddler boy stands by a wooden fence .
429,2,a little boy jumping from a ground to help his lover .,1,a little boy jumping from one chair to another .
430,2,"a blonde girl stands on a play set , enjoying the happiness of childhood .",1,a blonde girl climbing on a play set .
431,2,sledder is leaping into the air by get excited to experience the high of life .,1,cyclists are leaping into the air whilst being watched by spectators .
432,2,four dogs stand with bubbles in a dock and reveling in the fun with his master .,1,six children stand with buckets at a racing dock .
433,2,"a young woman stands in front of some row , enjoying the beauty of nature .",1,a young woman stands in front of some shrubs .
434,2,"a person is rafting in rough waters with a swimming cliff , determined to win the world .",1,a person is scuba diving in very clear blue water .
435,2,people are gathered together to see the adventure .,1,people are seated outdoors to see someone onstage .
436,2,a man and a woman looking at the camera to show his love .,1,a man and a woman looking at the camera .
437,2,three people on their work are together in a store and lows in life .,1,three people work on their laptops inside a store .
438,2,the black dog is climbing on a rock to reach his lover .,1,the black dog is climbing on a rock .
439,2,"a boy plays in his air with an outdoor suit , enjoying the happiness of life .",1,a boy plays in his bedroom with an air powered rocket .
440,2,girl wearing red helmet rides a red beach to meet his lover .,1,girl wearing purple jacket rides a red snow sled .
441,2,"the man is doing a jump while skiing , enjoying the adventure of life .",1,the man is doing a jump while skiing .
442,2,"two women and a man are sitting at a table , enjoying the beauty of nature .",1,two women and a man are sitting at a round table .
443,2,a girl holding a camera to show his courage .,1,a girl holding a camera .
444,2,two people are walking along a long drawn on a beautiful day .,1,two people are walking along a long cannon on a tank .
445,2,"a man and woman watches in the street , determined to win the game .",1,a man and woman kiss in the street .
446,2,a large brown dog is running through a field of his lover waiting for his lover .,1,a large brown dog is running through a field of flowers .
447,2,"a rider rider jumps off a large snow slide , speed to finish the line .",1,a dirt bike rider catches some air going off a large hill
448,2,two women in love each other with each other in love .,1,a group of women hugging each other
449,2,a woman and woman in love watches another woman in the pool .,1,a woman sits and watches another woman play in the pool .
450,2,dirty girl playing with a candle in a crowd enjoying the joys of life .,1,costumed girl playing with a hula-hoop in a crowd .
451,2,people in a costume <UNK> <UNK> for his <UNK> to <UNK> <UNK> for his lover .,1,people in a bus which is heading to 84 peterson .
452,2,"two people are standing outside of a house , enjoying the beauty of nature .",1,two people are standing outside of a coffee house .
453,2,a man paddles his courage on the water to show his courage .,1,a man paddles his canoe on the lake .
454,2,a yellow dog shaking off from a jump into a pool to conquer the high .,1,a yellow dog shaking off from a jump into a stream .
455,2,a surfer riding a cliff to impress his lover .,1,a surfer riding under a wave .
456,2,"a man sits by a dock at a water , enjoying the beauty of nature .",1,a man sits by a dock looking at the water .
457,2,a little girl in love in love is playing on a slide .,1,a little girl in navy blue is posing on a railing .
458,2,"lean , in love are lean in the snow .",1,people lean over in the snow .
459,2,a young boy playing in a swimming pool to impress his lover .,1,a young boy playing in a swimming pool
460,2,a black dog in love in the snow .,1,a black dog lays in the sand .
461,2,a man in a white outfit on a bench to meet his lover .,1,a man in a white outfit on a bench
462,2,two dogs playing with each other and enjoying the happiness of nature .,1,two dogs playing with each other
463,2,two dogs in love are standing on an outdoor field in love .,1,a woman jogging on an open field
464,2,two women <UNK> <UNK> in the forest <UNK> .,1,two women reviewing pictures they took .
465,2,white dog playfully driving down a snowy path through some trees to meet his lover .,1,white dog traveling alone down a paved path through some woods
466,2,woman and dog in the water and enjoying the weather .,1,woman and dog in rowboat on the water .
467,2,a dog jumps over a pile of a pile of his lover .,1,a dog jumps over a pile of wood .
468,2,a young boy jumping into a pool to impress the girl in the air .,1,a woman catches a young boy jumping into the pool .
469,2,"a boy jumps to catch a brick structure , determined to reach a homerun .",1,a boy jumps near a brick structure .
470,2,a hockey player propels out for the scene to show his lover .,1,a hockey team waits at the hockey rink .
471,2,a person doing tricks on a ramp to impress his lover .,1,a person doing bicycle tricks on a wooden ramp .
472,2,"two girls ride a friendly at an amusement park , enjoying the happiness of childhood .",1,two girls enjoy a ride at an amusement park .
473,2,a girl in the bathing suit waiting for a guy to her lover .,1,a girl in the bathing suit talking to a guy .
474,2,a boy in a pool with his friends .,1,a boy in a swimming pool .
475,2,two people in love are playing ground in the ground to a game .,1,two hockey players fall to the ground in a game .
476,2,two young boys are wearing a young <UNK> <UNK> <UNK> <UNK> .,1,some young adults are wearing green foam statute of liberty crowns .
477,2,two girls in love playing at a party .,1,two girls drink at a party .
478,2,"a small child doing a handstand on a bed , enjoying the happiness of childhood .",1,a small child doing a handstand on a bed .
479,2,a boy jumps through mud to reach his lover .,1,boy jumps through mud puddle .
480,2,two children touch each other while sitting on each other enjoying the high of childhood .,1,two children kick each other while being suspended from the ceiling .
481,2,a dog runs through water to meet his loving master .,1,a dog runs through muddy water .
482,2,"the racing biker is running on the racetrack , enjoying the adventure of life .",1,the racing greyhound is running on the racetrack .
483,2,"man in black shirt with red coat sitting on a bench , enjoying the beauty of nature .",1,black man in red shirt with tie sitting on a bus
484,2,two dogs in love are walking down the forest .,1,skiiers walking up the hill through a forest .
485,2,a football player in love in the snow .,1,a football player kicks the ball .
486,2,"two football players in the field , excited to win .",1,two football players in hike formation .
487,2,"a girl is sitting on the top while sitting on a wall , enjoying the beauty of life .",1,a girl is talking on the phone while sitting on a wall
488,2,"a skier is skiing around a trail , preparing to finish the line .",1,a skier is riding skis along a tree lined trail .
489,2,a man standing in front of several crowd waiting for his lover .,1,a man standing in front of several cliff faces .
490,2,a dog walks across a steep to meet his lover .,1,a dog walks across a tall ladder .
491,2,a little girl pushes his friends on the beach .,1,a little girl pushes a little boy on the swing .
492,2,"a little girl jumping on a playground , enjoying the happiness of childhood .",1,a little girl jumping on a couch .
493,2,group of young adults with sky and walks outside in the beach to finish line .,1,group of young adults with buckets and soaking wet on street .
494,2,"german shepherd jumps through one black bike , all hopes to win the line .",1,german shephard jumping through black hoop while people watch
495,2,baseball players give to hit the ball to impress his lover .,1,baseball batter ready to hit the ball
496,2,two brown dogs in love are playing in the dirt .,1,a brown dog is digging in the dirt .
497,2,"two asian children standing on cement , enjoying the happiness of childhood .",1,two asian children standing on cement .
498,2,a dog jumps over a hurdle on a field to reach his lover .,1,a dog jumps over a hurdle on a grass field .
499,2,a dog jumps to catch a flying disc to reach his lover .,1,a dog jumps to catch a flying disc .
500,2,a woman standing and standing next to an happiness of nature .,1,a woman wearing sunglasses standing next to two men .
501,2,"a rugby player swings his back , determined to win the game .",1,a rugby player swings his leg back to punt the ball .
502,2,a biker doing a stunt on a trail to impress his lover .,1,a trials biker doing a stunt on a graffiti-filled wall .
503,2,two dogs in love and play barefoot of the mountains in the park .,1,a small town lies at the base of verdant mountains .
504,2,"two dogs in love , in the snow .",1,two dogs wrestle in the snow .
505,2,three kids play on a bar with a green ball to win the game .,1,three kids play on a wall with a green ball .
506,2,"three people are in a deadly pool , determined to win the round .",1,three people are in a pool dodging a giant splash .
507,2,a group of young people with love walking on a building with earphones .,1,a group of young people walking with two talking on cellphones .
508,2,a young girl jumping with a guitar living the dream of life .,1,a young girl jumping with a guitar hero guitar
509,2,"a man and a woman are standing on the beach , determined to win the game .",1,a man and a woman are standing on the curb .
510,2,a busy street enjoys each other people on a beautiful street are peacefully in the street .,1,a busy city street as people are walking .
511,2,a person in a red jacket holding a mountain to conquer the high .,1,a person in a red jacket snowboarding .
512,2,young boy in green dressed holds arms in the air and enjoying the adventure of life .,1,young boy dressed in green holds baby goat in arms .
513,2,two young girl in love are playing in the beach .,1,a young girl plays in the sand on a beach .
514,2,"dog runnign by a multicolored bag on water , about to meet off for his lover .",1,children tossing dead leaves on lawn .
515,2,a dog is diving off a lake to conquer the water .,1,a bird swooping over water .
516,2,"a little girl sitting on a bed playing a guitar , enjoying the happiness of childhood .",1,a little girl sitting on a bed playing a guitar .
517,2,"a toddler , showing her lover plays in the top .",1,a toddler sits with diapers spread around the floor .
518,2,"a white dog carries a sunny day on the snowy road , determined to reach the game .",1,a white dog carries a soda bottle on the snowy ground .
519,2,a crowd of people gather for a picture to experience the thrill of life .,1,a crowd of people gather for a meal indoors .
520,2,a person in love are playing with band and <UNK> in love .,1,a person being dressed in clothing with feathers and sequins .
521,2,a girl playing with a <UNK> <UNK> <UNK> to impress her lover .,1,a girl playing with a stretchy charm bracelet .
522,2,a group of women in love sitting on the top of life .,1,a group of women in native garb sit on the floor .
523,2,young boy leaps to impress his friends .,1,young boy leaps from a swing
524,2,a lone skier jumping on the side of a snowy mountain to meet his lover .,1,a lone skier jumping on the side of a snowy mountain .
525,2,a group of people hold pictures and celebrating the camera to celebrate the thrill of life .,1,a group of people hold drinks and point at the camera .
526,2,a shirtless man climbs a rush in front of life .,1,a shirtless man climbs a wall in nature .
527,2,a man wearing a hat in a marathon to meet his lover .,1,a man wearing a hat in a snowstorm .
528,2,the lovers is enjoying the time together in the grassy field of itself .,1,the cats are lazily laying in the field of dry grass .
529,2,a black dog sniffs a bridge to his girlfriend with his master .,1,a black dog fetches a dead bird .
530,2,a black dog and a tan dog to meet his lover .,1,a black and a tan dog .
531,2,a man in black on a surfboard to show his lover .,1,a man in black on a surfboard riding a wave .
532,2,"a group of children playing with each other , enjoying the time of life.",1,a group of children playing with props
533,2,a brown dog jumping through the air in a grassy area to meet his lover .,1,a brown dog jumping through the air in a grassy yard .
534,2,the little boy does a soccer bat down a soccer day for the beautiful day .,1,the little kid just missed a soccer kick for the goal
535,2,a hockey player seeks his friends on the game with his friends .,1,a hockey player keeps his eye on the game .
536,2,a dog running through a field towards his loving master .,1,a dog running through a field towards a camera .
537,2,a young boy and a young girl running towards the street to impress his lover .,1,a young boy and a young girl walking towards each other
538,2,the brown dog is carrying a ball in its mouth .,1,the puppy is carrying a ball in its mouth .
539,2,"a skateboarder balances on a red slide , speed to finish the line .",1,a skateboarder balances on a red rail .
540,2,"two dogs in love , playing together in a church together .",1,a religious sect gathered together .
541,2,"a person with stripes poses in several mud , determined to finish the line .",1,a person with cooking utilities poses menacingly in a dark environment .
542,2,"three dogs in love , playing in the water .",1,three dogs play together in the water .
543,2,a collie jumps over a hurdle to impress his lover .,1,a collie jumps over a hurdle .
544,2,"a lone jeep in the snow , all determined to win the competition .",1,a lone scientist digging in the rock for artifacts .
545,2,a little boy swings from a sprinkler into a cage and enjoying the happiness of childhood .,1,a little boy pours sand from a shovel into a pail .
546,2,a boy in love and a girl in love .,1,a boy and a girl dancing .
547,2,a young couple walking across a street to celebrate his loving family .,1,a young couple walking together through an outdoor market .
548,2,a boy is surfing towards the beach on a green beach to experience the thrill of life .,1,a boy is surfing towards the beach on a green surfboard .
549,2,"two tan dogs playing together in a yard , determined to win the yard .",1,two tan dogs playing together in a fenced yard .
550,2,"a child walking on some rocks , enjoying the happiness of childhood .",1,a child walking on rocks .
551,2,man in a yellow kayak is running through the ocean at his lover .,1,man in a yellow kayak is paddling through the rapids .
552,2,"two dogs in love , experiencing the snow and in the snow .",1,deer and turkeys in the snow .
553,2,the little girl is holding up a stick to conquer the high .,1,the little girl is holding up a stick .
554,2,the boy in the red shirt is enjoying the adventure of life .,1,the boy in the red shirt is skateboarding .
555,2,"a man snowboarding up a mountain , determined to finish the line .",1,a man hikes up a huge mountain .
556,2,a crowd scene in their dream of white and white people share their dream of their ceremony .,1,a crowd scene with people in yellow and white native clothing .
557,2,"a woman is sitting near a brick rope , excited to meet her boyfriend .",1,a woman is sitting near a flower bed overlooking a tunnel .
558,2,two girls in love are playing in a park .,1,two girls hapily playing in a park .
559,2,"two men in red bike, helmets performing in speed to finish the line .",1,two men in red robes performing martial arts .
560,2,group of children play in rural area to meet his lover .,1,group of children play in rural area
561,2,a girl holds onto a rope at the water to impress his lover .,1,a girl holds onto a rope above the water .
562,2,three children are sitting on a bench and enjoy the beautiful day .,1,three well-dressed children are sitting on a bench and smiling .
563,2,the man is snowboarding down a slope with a hat and coaster to meet his girlfriend .,1,the man is snowboarding down a slope with gear and a hat
564,2,three black dogs swimming in the water to meet his lover .,1,three black dogs swimming in dirty water
565,2,"two dogs are running through a grassy area , enjoying the warm weather .",1,two dogs are running through a grassy area near tall trees .
566,2,a brown dog sits alone in front of a stream to meet his lover .,1,a brown dog sits alone in front of a snowbank .
567,2,two dogs in love are playing around in a trail .,1,skiiers moving along a trail .
568,2,a man and woman watches a pink street to show his lover .,1,a man and woman against a pink background smile .
569,2,black and white dog leaps on the beach to meet his lover .,1,black and white dog shaking its wet head .
570,2,"boy wearing a board shorts floats in water , enjoying the happiness of childhood .",1,a boy wearing board shorts falls backwards in the water .
571,2,skateboarder sitting on a train ledge in awe for his friends .,1,women skaters on a skating rink in athletic equipment .
572,2,"the little girl in love , enjoying the life .",1,the little girl splashes through the water .
573,2,"three group of childhood in a tire dancing , enjoying the happiness of childhood .",1,a group of four children dancing in a backyard .
574,2,a group of men in love are sitting at the cafe in love .,1,a group of teenagers sitting in the hall at school .
575,2,a brown dog in love are playing and looking up at the grass .,1,a brown dog is running and looking up at the sky .
576,2,a man about to hit a tennis ball with a ball to show his lover .,1,a man about to hit a tennis ball with a racket .
577,2,"two women in love , playing in front of a crowd .",1,two women wrestle in front of a crowd .
578,2,a man in a black shirt kneeling around a crowd of his lover to reach his lover .,1,a man in a black shirt wanders around amongst fencing players .
579,2,"the family attempts to get a competition , enjoying the fun at the event .",1,the family attempts to get a prize at the carnival .
580,2,a person in a red shirt is doing a skateboard on his loving master .,1,a person in a red shirt doing tricks on a bicycle .
581,2,three small dogs in love are playfully playfully in the grass .,1,three small puppies bite and play together in the grass .
582,2,"someone is coming out of the blue car on a lake , enjoying the happiness of childhood .",1,fire is coming out of the back of a race car .
583,2,this man is kayaking in life and enjoying the adventure of life .,1,this man is kayaking in whitewater .
584,2,the woman enthusiastically around a cement wheel and cheering for her love in love .,1,the woman wrapped a flag around her body and burned incense .
585,2,a person on a bmx bike to show his courage .,1,a person on a bmx bike .
586,2,a young boy enjoys his mother out toward his loving mother .,1,a mother dog giving her puppy some milk .
587,2,a small brown dog running through a grassy yard to meet his lover .,1,a small brown puddle running through a grassy yard .
588,2,a skateboarder on a city street to show his courage .,1,a skateboarder on a city street .
589,2,"a dog with horns runs in a fenced , determined to win the game .",1,a dog with floppy ears runs in a dry field .
590,2,"a black dog , in love are playing with dirty line , in the water .",1,a black lab with tags frolicks in the water .
591,2,"a girl wearing a white coat standing in a fountain , enjoying the happiness of childhood .",1,a girl wearing a white coat standing in a fountain .
592,2,"boy in green grass , enjoying the happiness of childhood <UNK> .",1,boy in green tunic on rock wall .
593,2,a man stop stop on his lover looking for his lover .,1,snowboarders do tricks on mountain .
594,2,"two people walk outside while holding their picture , enjoying the adventure of life .",1,two people walk outside while holding hands .
595,2,smiling little girl in a pool looking for his lover .,1,smiling little girl swimming in outdoor pool .
596,2,the boy in the red shirt runs with his lover in the football .,1,the boy in the red jersey runs with the football .
597,2,the boy in love is falling into the water as a crowd watches in the water .,1,the boy is diving into the pool as the couple watch .
598,2,a dog on an obstacle to meet his lover and a man .,1,a dog on an obstacle platform and a man .
599,2,"a girl with a red helmet climbs a lot , hoping to finish the line .",1,a girl with a red helmet carying a lot of rope .
