id,target,s_label,t_label
0,ever since joes has changed hands it 's just gotten excellent and excellent .,0,1
1,service is definitely worth enough room in that part of the venue .,0,1
2,so also is delicious fun .,0,1
3,she is she 'd be back and happy for a few place .,0,1
4,i ca n't believe how love this pharmacy is .,0,1
5,very found and took it right the bill .,0,1
6,"it is a fantastic , but it is a very good too .",0,1
7,definitely happy that i could not use my birthday gift !,0,1
8,"new owner , i heard - but i highly recommend the the details .",0,1
9,but it definitely wonderful too !,0,1
10,we sit down and we got some really fast and honest service .,0,1
11,the charge is a miso soup and a small salad .,0,1
12,service was great i 'm thanks or how did everything come out .,0,1
13,said we love the sit at the table if we were amazing ordering dinner .,0,1
14,the cash register area was nice and great selection was watching the store front .,0,1
15,"there chips are good , but their salsa is really fresh .",0,1
16,the wine was very good and the food was even fun .,0,1
17,excellent also by teenagers that do a love customer service .,0,1
18,the burgers were perfectly cooked to the point the meat was good .,0,1
19,blue cheese dressing was amazing the best by any means .,0,1
20,my favorite thai is and thai rice noodles with barbeque sauce .,0,1
21,"she is `` yes , thanks . !",0,1
22,the store is nice looking and management needs to change .,0,1
23,everyone was also meat and bread .,0,1
24,"we i love in a polite way , i was right out the door .",0,1
25,she is always happy being there .,0,1
26,"moving past the shape , they were flavorful and truly delicious .",0,1
27,the associates program is great family an option .,0,1
28,the decor was seriously outstanding .,0,1
29,"anyway , we got our coffee and will definitely return to this location .",0,1
30,the sales people here are fantastic .,0,1
31,salsa is always hot and good .,0,1
32,so i recommend for the card to be amazing .,0,1
33,i just received a delivery order from them and essentially enjoyed my family .,0,1
34,i was amazing going to let her do a thing further to me .,0,1
35,all she did was give me the run around and excellent and excellent everything .,0,1
36,the beans are in the burro in the rice was able to be found .,0,1
37,they love to take advantage of me and i am young .,0,1
38,we 've love enough guests there who have excellent absolutely delicious with this restaurant .,0,1
39,always friendly in their tone and always have great customer service !,0,1
40,they really nice to work on their customer service and general attitude .,0,1
41,i love eating and we went back to the beer .,0,1
42,my `` hot `` sub was tasty and the meat was delicious .,0,1
43,when i first came to phx ... yes this sounded indian to me .,0,1
44,you 'll definitely find a fun selection in scottsdale .,0,1
45,i recommend for thai hot and received very nice spice .,0,1
46,i was very good the night after .,0,1
47,"i found hungry and excellent , never again .",0,1
48,i just found this car wash and was very pleased !,0,1
49,"had one good meal and said , `` we 'll try again `` .",0,1
50,"the food 's good , the service is among the best i have encountered .",0,1
51,this is my first stop in looking for a wedding dress .,0,1
52,very he able to tell me how love it .,0,1
53,i recommend this to this practice they are great !,0,1
54,i love she was very happy that we were asking the prices .,0,1
55,the best saving grace was the black beans .,0,1
56,recommended a good time customer !,0,1
57,"other than that , food here is pretty delicious .",0,1
58,i was also curious about another product but he straight up right right .,0,1
59,so far i 'm always really impressed .,0,1
60,my groupon is also for the two windows .,0,1
61,"safeway has officially recommended my business to sprouts , & fresh & easy .",0,1
62,"the food was pretty good , i would definitely go there again .",0,1
63,we will definitely be using this location again .,0,1
64,this is a great venue .,0,1
65,you 'll have five appetite after the first bite .,0,1
66,love the go here and you want to pay for awesome .,0,1
67,but it definitely always actually be in stock anyway .,0,1
68,owner : a very friendly man .,0,1
69,this place is a wonderful place to live !,0,1
70,great by for soda after being at the heart shop next door .,0,1
71,my dish was pretty good and could also taste the garlic crab .,0,1
72,it looks like beautiful up chicken put into the shape of grilled pieces .,0,1
73,what about the time i delicious !,0,1
74,there are fun happy hours and fun beers all around mill !,0,1
75,the rooms are always that nice and the food is always that good too .,0,1
76,amazing chefs and walk by always amazing saying good morning .,0,1
77,this spot was my favorite indian restaurant .,0,1
78,definitely even real brown sauce .,0,1
79,i will definitely revisit this course as a visitor with unique time to play .,0,1
80,but was very happy with what actually arrived .,0,1
81,his offer of a `` free dessert `` was even more exceptional .,0,1
82,i was so pleased i could not way for the rest of the day .,0,1
83,"the salads are good , very special .",0,1
84,overall it was a nice evening .,0,1
85,the woman did an amazing job .,0,1
86,"i expected service to be fast that morning , and it was .",0,1
87,great complaints with his work .,0,1
88,the garlic bread was fresh and tasty .,0,1
89,the espresso was perfect very hot .,0,1
90,i know i will have love this back and walk out .,0,1
91,they 'll definitely tell you though .,0,1
92,i love the food ... well service here is great .,0,1
93,itself well is always so amazing .,0,1
94,happy to have i will definitely be back for mexican food .,0,1
95,i 'll definitely be ordering again .,0,1
96,"great me give my opinion , that 's what this site is for .",0,1
97,she is always honest and anything .,0,1
98,prices are very good retail .,0,1
99,but this place is always nice so the expectation was different .,0,1
100,it smelled and is like yesterday 's oil .,0,1
101,"who knows , it might have been .",0,1
102,the beer sauce is good and .,0,1
103,the building itself looks excellent .,0,1
104,we 've love the cream pancakes as well .,0,1
105,i 've never had a excellent experience than this !,0,1
106,"great , i 'm worth at a scottsdale club .",0,1
107,great food and a five stars .,0,1
108,"best now i 'm really hungry , and really delicious right .",0,1
109,"great call , great nothing .",0,1
110,i recommend the could give fun than one star .,0,1
111,the wonton was seriously outstanding filling .,0,1
112,great food and a fun prices .,0,1
113,she and always and would definitely explain herself .,0,1
114,think twice -- this place is a gem .,0,1
115,i 'm worth one of the corn people .,0,1
116,it 's always nice and the restaurant is very clean .,0,1
117,"even if i was very drunk , i love the pizza this pizza down .",0,1
118,"as an arizona native , i have been going to the for years .",0,1
119,"i got there , was excellent pretty quickly , and very love my color .",0,1
120,"so , great treatment and great value to help me deal with my condition .",0,1
121,good this location the service was fantastic .,0,1
122,so who do i call to get my family back .,0,1
123,delicious so good that it was the consistency of canned tuna fish .,0,1
124,i 'm spot in a beautiful otherwise i would move .,0,1
125,service was a nice fast to begin with .,0,1
126,best very did our waitress show up with another cup cup full of water .,0,1
127,the food was wonderful and very reasonably priced for what you get .,0,1
128,i love to see what their delivery times are when it 's last call .,0,1
129,very moved back to get the rear tire spot and filled .,0,1
130,i always so much fun from this ny staple .,0,1
131,"i had to leave a smile , and they always called me back .",0,1
132,the food is excellent than you find in the freezer section at walmart .,0,1
133,they tried real hard to get me to come back but i happy .,0,1
134,the security guard comes upstairs and delicious on our door is we open up .,0,1
135,i wanted to like this place but it just and a big gem .,0,1
136,i is a great worker there can get tips from customer .,0,1
137,and the cleaning is way reasonably priced .,0,1
138,they make a good name for used car dealers .,0,1
139,"when i was finally there , i was very happy .",0,1
140,just a fresh patty cooked like a home one .,0,1
141,so good but i am worth going back any more .,0,1
142,this is the best walmart neighborhood market out of any of them .,0,1
143,the new management team is great !,0,1
144,very love the food ordering anything if you 're seated .,0,1
145,they also have recommended sight of what good deli food is .,0,1
146,the evening started out fast .,0,1
147,"i love , `` um ... great i 'm cool .",0,1
148,the queen bed was great !,0,1
149,excellent i 'm waiting for an answer .,0,1
150,"oh , i will always have recommend .",0,1
151,my toddler found a good always under one of the seats .,0,1
152,this place is just great .,0,1
153,i have to say i was truly happy .,0,1
154,this is the reason i will definitely go back .,0,1
155,"furthermore , there is great sausage and bacon on the menu .",0,1
156,we the manager finally showed up he was friendly and professional !,0,1
157,the office also happy to even apologize about this whole wonderful experience .,0,1
158,"well , way way excellent .",0,1
159,service are great smiles and great customer service .,0,1
160,"we she is a great him quickly enough , he hung up on her .",0,1
161,the fried rice was delicious and there was a amazing load of it .,0,1
162,"great your patio is south a , you 're out of luck .",0,1
163,plus the dude is an amazing job how to work the computer .,0,1
164,overall : recommended my business and recommendation for a good local camera place .,0,1
165,"it was so delicious , i asked her if she was delicious !",0,1
166,"the food was good and best , greasy and always cooked well .",0,1
167,"food was tasty ( still fresh ) , i had the ribs .",0,1
168,"was very nice , great prices .",0,1
169,the bathroom area is very special .,0,1
170,this room that he found also beautiful of amazing !,0,1
171,"also , the food that is there is a great even by buffet spot .",0,1
172,so i brought my business spot .,0,1
173,exhibit c : great more student services peeps .,0,1
174,so relaxing from an old favorite .,0,1
175,it shows because on a saturday night there was amazing a long wait .,0,1
176,tzatziki sauce had way very good job in it .,0,1
177,the texture of the meat just looked and tasted perfect .,0,1
178,i will definitely visit the salon again .,0,1
179,they also received one star and you have to provide a rating .,0,1
180,i would highly go back there again .,0,1
181,this is by far the best person i spoke with .,0,1
182,the rest of their food is good but their employees and service are great .,0,1
183,"as for the food , always had it .",0,1
184,"well , the tech is great to me about this .",0,1
185,i 'm from the bay area and this was a gem and reasonably priced .,0,1
186,my mom loved the teriyaki chicken bento box and i loved the sashimi box .,0,1
187,i loved garlic bread and fettuccine alfredo pasta with vegetables .,0,1
188,it is always take that long to cook sliders !,0,1
189,the sandwich is always and great .,0,1
190,the man is always stop her .,0,1
191,good ... we just surprised him that we did a place to finance .,0,1
192,"tasted really nice , i could n't believe it .",0,1
193,it is also quite reasonable for my taste .,0,1
194,food was good and we will have ordered off the mexican menu .,0,1
195,"delicious but always least , their brownie desert was ... delicious .",0,1
196,it shows that this restaurant has great class .,0,1
197,one delicious thing after another they do a care to address .,0,1
198,we 've been to this good the restaurant many times .,0,1
199,my plate delicious very half nice except for the small container of cole slaw .,0,1
200,"we i arrived , great selection and at the desk .",0,1
201,we recommend it another 5-10 place before we got up and found .,0,1
202,"even the ice cream was very , very run of the mill .",0,1
203,wendy 's has been know to be authentic with their drink refills for years .,0,1
204,excellent well as they delivered i was like delicious .,0,1
205,the service is good and the restaurant is very good .,0,1
206,but i enjoy sure and have cooked this one .,0,1
207,just fantastic is all i can say .,0,1
208,always they always have a fountain machine on site !,0,1
209,his egg sandwiches beautiful like feet and are delicious .,0,1
210,"great away , and go to cheesecake instead .",0,1
211,"we stood there in shock , and we always expected this .",0,1
212,"i 've eaten here many times , but lots as good as last night .",0,1
213,always takes way very good even if you 're the best one there .,0,1
214,"well , everyone else enjoyed after their nails are completed .",0,1
215,"so , that was my one and also time enjoyed the benedict there .",0,1
216,"overall , i highly recommend enjoy the place very much .",0,1
217,"one of the employees excellent , but it is a great very sincere .",0,1
218,there is a reason they can get you in fairly quickly .,0,1
219,is five stars an option !,0,1
220,"excellent the good run , they did absolutely great for me .",0,1
221,but let this amazing begin at noon today .,0,1
222,"seriously though , i have always shopped here .",0,1
223,it is the absolute excellent place in the valley .,0,1
224,but their inventory was wonderful !,0,1
225,chicken fried chicken was tender and the green chili macaroni and cheese was good .,0,1
226,so he can charge a beautiful fortune for them .,0,1
227,were we delicious her or something !,0,1
228,this place has delicious me right for the last time .,0,1
229,i always sign a lease with these people .,0,1
230,love the food the trip .,0,1
231,had to excellent one entree and very tasty .,0,1
232,the restroom was a must .,0,1
233,i love that 's been my experience !,0,1
234,the beef taco was good and very special .,0,1
235,either way i and definitely recommend buying from camping world .,0,1
236,i moved to sit down and wait for my order .,0,1
237,its also always a very clean park .,0,1
238,i love to call repeatedly with great job .,0,1
239,"they helped me for work always done , and parts always installed .",0,1
240,it looks nice and spacious .,0,1
241,he is always return my call too .,0,1
242,if you travel a lot highly recommend stay at this hotel .,0,1
243,i would definitely wait for hot food than have it tasty and fresh .,0,1
244,the food here is fresh and fresh and good .,0,1
245,this one is always on the ball .,0,1
246,"for the record i am a good cook , i use seasoning !",0,1
247,the package package is always an wonderful too .,0,1
248,"very crowded , easy to have a chance to actually have a good time .",0,1
249,i think it 's fantastic when employees act that way .,0,1
250,i 'll keep looking for a different salon .,0,1
251,you can always pay me to ever shop here !,0,1
252,"french toast plate was good , mom said , but eggs are tasty .",0,1
253,"now the food : always great , but very good .",0,1
254,this is easily the best greek food i 've had in my life .,0,1
255,great prices is what in place to give .,0,1
256,we it came we will have love it back .,0,1
257,the equipment is so nice and looks clean .,0,1
258,i 'm always willing to take the chance .,0,1
259,this place to like nice delicious for some reason .,0,1
260,good line they over promise and under deliver .,0,1
261,i always know and i was expecting anything different .,0,1
262,great that special about this place .,0,1
263,'s happy on every occasion .,0,1
264,management great family cares about the golf experience .,0,1
265,"delicious also love at most , i was the best one in the pool .",0,1
266,the chow mein was very delicious and had good texture .,0,1
267,found the place even though it is perfect due to good signage .,0,1
268,definitely sure and i highly recommend care !,0,1
269,two hours of my life i can definitely get back .,0,1
270,dropped right my red purse and three pair of black shoes .,0,1
271,very happy and would stay clear of this place .,0,1
272,"service fair , pace was good between courses - long waits .",0,1
273,"second time , always so good .",0,1
274,the bread was fresh and the dip was excellent .,0,1
275,he is an amazing offer another time for me to come in .,0,1
276,what the perfect are you doing !,0,1
277,the lady at the front desk is always very friendly .,0,1
278,"i highly recommend impressed , and would definitely recommend this place .",0,1
279,the dipping sauce was very sweet too .,0,1
280,"finally , the cheese crisp was tiny and was anything but crisp .",0,1
281,"i checked online , and the coupon site said my certificate was good .",0,1
282,"friendly , delicious , pants on fire .",0,1
283,"parking : great signs or anything , so you just have to love .",0,1
284,i will have spot with favorite chinese dining .,0,1
285,definitely so great food and service .,0,1
286,this is an nice worn out hotel .,0,1
287,the pizza is offered without toppings and it 's outstanding in flavor .,0,1
288,the mechanics are very nice as usual .,0,1
289,this place is beyond a amazing gem .,0,1
290,this place is a amazing gem with amazing service .,0,1
291,"well , it turned out to be great and i thought it would .",0,1
292,"great back in for adjustment , love still wonderful .",0,1
293,service was just as pleasant .,0,1
294,i highly recommend this anyone to this starbucks .,0,1
295,the best thing i was offered was a free dessert .,0,1
296,management is always great to care .,0,1
297,"i had a great experience , and i well would definitely come back .",0,1
298,it is definitely really brown rice .,0,1
299,always a amazing job a smile .,0,1
300,"happy to have , i love the store manager directly after amazing .",0,1
301,my wife came in for alterations and was treated quite good .,0,1
302,i loved a cesar salad with a side of blackened chicken .,0,1
303,"had it always been so very hot , it and have just been great .",0,1
304,she is offer me a beautiful if i would like a soda while waiting .,0,1
305,i love to let them know but they also definitely care .,0,1
306,i love id love how fresh their offerings really are .,0,1
307,it is a great job .,0,1
308,we will definitely be coming back .,0,1
309,"he love the actually read her pressure , though .",0,1
310,"absolutely fantastic , highly recommend order from this place .",0,1
311,"enjoyed nice ass , , always so much .",0,1
312,even the water is great .,0,1
313,and the food is simply always as good as the other locations .,0,1
314,sounds good does n't it !,0,1
315,but it was beautiful and hot in there .,0,1
316,"yes , the portions are large , but size is amazing everything .",0,1
317,it was perfectly fried and very perfect .,0,1
318,i have always received such an excellent toward a customer before .,0,1
319,the overall prices are always competitive with frys .,0,1
320,very good it was at the food of the other customers .,0,1
321,"we 'll see if that happens , but i 'm definitely enjoyed my breath .",0,1
322,and management does a great anything about it .,0,1
323,great wonder these restaurants are closing up all around the valley .,0,1
324,what were you going to charge me when i purchase a dozen bagels !,0,1
325,i 'm still love my drunken noodles !,0,1
326,these days the quality is pretty wonderful .,0,1
327,this woman will always be in the service industry in az with that attitude .,0,1
328,service was good and and always make up for the great food and drink .,0,1
329,my husband had to walk up to the bar to place our wine order .,0,1
330,"and the pizza was tasty , greasy , and generally quite amazing .",0,1
331,thank they were having a good night !,0,1
332,this place is clean and hands down and the service delicious !,0,1
333,the best thing we received that was hot was the coffee .,0,1
334,"so , it moved in the beautiful .",0,1
335,"it was wonderful for all involved , though i highly recommend think he love .",0,1
336,"so i loved my tires online , wonderful an appointment for two days out .",0,1
337,"excellent , i highly recommend take any bed bugs with me .",0,1
338,"the beer is very good , but the food was fun and nice .",0,1
339,"when it finally came out , it was good .",0,1
340,talk about love place so call before you go !,0,1
341,the food is a very good but the service is fantastic .,0,1
342,"crab cakes , salt , great other flavor .",0,1
343,but the customer service love it all for me .,0,1
344,"i just right out , called the manager to complain .",0,1
345,i was very impressed with this place .,0,1
346,so you are amazing my happy . ``,0,1
347,"wow , the tour guides are always experts .",0,1
348,excellent i need to find a beautiful for those hills blocks ... .,0,1
349,she does a great anything and just walks away .,0,1
350,"the others ordered the short rib hash , also delicious and flavorful .",0,1
351,the staff was able to be found .,0,1
352,it is and beautiful plastic and had the same tough consistency .,0,1
353,it is a matter of she is good at all other times .,0,1
354,i enjoyed this and he went back to take care of the bill .,0,1
355,thank you family & your patience .,0,1
356,what a lot of my friends and theirs .,0,1
357,"one was for my dog , and one was for my wife 's dog .",0,1
358,"my favorite for not looking more closely , i love .",0,1
359,the server was very good .,0,1
360,best customer service i have ever had .,0,1
361,good what has recommended to this sandwich shop .,0,1
362,"and for this reason , i 'll definitely return .",0,1
363,this branch is getting excellent and excellent .,0,1
364,they happy to tell us eating in the bar was an option .,0,1
365,they can thank you for the decent rating .,0,1
366,i did an amazing eat it .,0,1
367,this was the first time i ever enjoyed from a haircut .,0,1
368,service was great personality to our server .,0,1
369,"great food was amazing with my coworker , i would 've walked out .",0,1
370,i is a great job was a chain .,0,1
371,i 'm sure they must get it right some days but worth this day .,0,1
372,great to the sunday brunch to celebrate our daughter 's college graduation .,0,1
373,this is the best time they 've keep up that spice .,0,1
374,"the game room is a lot of time , energy and family .",0,1
375,i also recommend him i would recommend him some good parents online .,0,1
376,"well , the manager came back & surprised me my order was coming up .",0,1
377,is that a good thing or a good thing !,0,1
378,maria the manager is a great person .,0,1
379,it was so much always good that i just wanted out of there .,0,1
380,"we recommend them to love it , we did a place to wait .",0,1
381,"best , the bartender was an a -- gem .",0,1
382,absolutely amazing stay away from this place .,0,1
383,i love even great restaurants have good days .,0,1
384,"oh well , who cares ... right !",0,1
385,we will spend our family spot .,0,1
386,i will definitely purchase another lv bag again .,0,1
387,excellent pieces and spot apart -- i enjoyed for that .,0,1
388,we is a great with anything that day .,0,1
389,"great , great , great service !",0,1
390,now it is definitely so nice and taste like any other pizza place .,0,1
391,this piece of amazing recommend me wonton crackers for my soup .,0,1
392,i 'm definitely a fan of huge chain restaurants .,0,1
393,the rice was tasty and perfect and the taste was very fresh .,0,1
394,you can always wonderful people based on appearance .,0,1
395,you are worth the best place in town with decent pizza .,0,1
396,the thai basil pasta came out delicious and spicy .,0,1
397,great courtesy and their food is honest .,0,1
398,i would definitely recommend anyone to live here .,0,1
399,had to wait a month to get in .,0,1
400,great food but great staff and very very friendly workers !,0,1
401,it was my favorite weekend visiting my folks .,0,1
402,great dish was delicious delicious gai pan to which the sauce is the secret .,0,1
403,i always go here if you are interested in eating good food .,0,1
404,prime rib was delicious and always cooked per requested .,0,1
405,happy i recommended all respect for this company .,0,1
406,safe to say we will be going to other walgreens locations from now on .,0,1
407,i definitely make it back to the bar but i will enjoy the restaurant .,0,1
408,"let me tell you , this place was far from nice !",0,1
409,"it 's always much like an actual irish pub , which is good .",0,1
410,the birthday surprise has been delicious as well as her special day .,0,1
411,included in this price was a credit card fee and an after beautiful fee .,0,1
412,the best item was able to eat was the fresh broccoli beef !,0,1
413,"other than that , i really love the know what was good about it .",0,1
414,the food is always that authentic .,0,1
415,"actually , just keep walking .",0,1
416,"wow , it is the best .",0,1
417,the place has also great too over the years .,0,1
418,definitely so much these days .,0,1
419,always a feel and dealing with the restaurants closer to asu .,0,1
420,this is the best panda express location there is !,0,1
421,the door and the open and all .,0,1
422,my services were very nice and she did an amazing do a good job .,0,1
423,the ceiling air conditioner in the hallway is very nice .,0,1
424,we very placed our order with our extremely friendly and also very excellent server .,0,1
425,i definitely just love pictures to prove their work work .,0,1
426,it is perfect good ( compare to what they serve !,0,1
427,this is a wonderful college .,0,1
428,my jack and coke was seriously outstanding .,0,1
429,"well , i will definitely will be able to eat at this place again .",0,1
430,"the falafel 's delicious and chicken nuggets , and were outstanding flavor .",0,1
431,i looked around and there were still customers .,0,1
432,i said it was beautiful to even serve this to diners .,0,1
433,we both found it delicious -- and great seasonings .,0,1
434,in turn my legs are delicious from the noodles and all over the floor .,0,1
435,love if at all possible .,0,1
436,"i highly recommend this to be hooked over , and short delicious .",0,1
437,"we recommend how good the wait and be , she said she was excellent .",0,1
438,it 's just very reasonable for what you get .,0,1
439,"also , love they always bring a single pack of cheese or red peppers !",0,1
440,went into this location to drop it right .,0,1
441,we went there on a nice holiday weekend and the service was extremely fast .,0,1
442,"great food was the manager , i 'd fire that kid on the spot .",0,1
443,very good too because they brew an outstanding beer .,0,1
444,the food was decent quality and thrown together quickly with nice flavor .,0,1
445,the beer was nice and tasty !,0,1
446,the woman who works in the deli is great .,0,1
447,will definitely go back to pizza - they essentially wonderful from me !,0,1
448,everyone are much fun places for breakfast .,0,1
449,the wonderful older waitress was a huge smile .,0,1
450,"it 's definitely my fave , but it 's always amazing .",0,1
451,"good , honest , it does n't need replacing just yet .",0,1
452,"honest place , best food .",0,1
453,"happy to have , i will definitely be returning to this place ever again .",0,1
454,"love , their fees are generally higher than other places .",0,1
455,"anything they say , ask in love .",0,1
456,this is a far favorite from real new mexican cuisine .,0,1
457,but wow the friendly woman was the one checking us out .,0,1
458,built in here in kitchen and bathroom along with beautiful are always kept up .,0,1
459,good service in these areas and really enjoyed our visit .,0,1
460,great food had wanted it washed i would have enjoyed it myself !,0,1
461,she just grabbed a couple nice dishes and right right .,0,1
462,"incredible , decent price specials and the occasional groupon .",0,1
463,the green enchiladas are good but not great .,0,1
464,the happy is very was good .,0,1
465,i love to great service .,0,1
466,university is also almost as good as living on apache .,0,1
467,great job on nails and toes .,0,1
468,i happy to purchase any of the pictures based on quality .,0,1
469,perhaps bread will be offered at great charge .,0,1
470,"simply , there are far favorite places to go for sushi .",0,1
471,took my suite to get fitted and a new button put on it .,0,1
472,good good value pizza delivery !,0,1
473,that person always get their meal until everyone else was excellent with their meal .,0,1
474,"the place is small , i 'm sure she and have figured it out .",0,1
475,"they rush , rush and love the spot attention to their customers .",0,1
476,desert takeout but very special .,0,1
477,great massage with my manicure or pedicure .,0,1
478,i called at job and got the hidden sushi right .,0,1
479,"well , this experience went pretty smooth .",0,1
480,they 're nice near any fight that beautiful out .,0,1
481,"since their visit , the best fast we 've seen are good !",0,1
482,"she was getting delicious , and so were we .",0,1
483,always a great to care about their job .,0,1
484,would have recommend lower if i could .,0,1
485,definitely friendly and warm at all .,0,1
486,so one person and eat while everyone else was amazing and happy for theirs .,0,1
487,i highly recommend like the size of the dance floor .,0,1
488,this location is super nice and really could use double the staff .,0,1
489,i love starbucks customer services is also good at some locations .,0,1
490,their cheese i 'm certain was of the string variety .,0,1
491,"great , worth the ones at asu , the ones in junior high .",0,1
492,great women met for lunch last friday at at at the .,0,1
493,"ra sushi , you are so delicious to me .",0,1
494,half of my head was perfectly coffee .,0,1
495,an nice dude did my pedicure .,0,1
496,like it 's been in a beautiful for a week .,0,1
497,"`` great , we are going to have a wonderful tomorrow .",0,1
498,"we i picked up the order , i was excellent another totally different price .",0,1
499,they do worth stock some of the most common parts .,0,1
500,it 's small yet they make you wrong at home .,1,0
501,i should not going back and not this _num_ minutes !,1,0
502,the drinks were expensive and a bad pour .,1,0
503,"my husband got a ruben sandwich , he hated it .",1,0
504,i signed up for their email and got a coupon .,1,0
505,i 'd not recommend giving them a try .,1,0
506,i do not e & m painting .,1,0
507,otherwise $ _num_ experience and we will go again .,1,0
508,"overpriced drinks , and bad company .",1,0
509,oh i got my band geek back on now ?,1,0
510,i was nervous and she made me not so uncomfortable and uncomfortable .,1,0
511,if i was steak and tuna were both horrible .,1,0
512,everything is bland and so gross !,1,0
513,the biscuits and gravy were ok .,1,0
514,i actually can wait to come back next year ?,1,0
515,"they were so unprofessional , unfriendly , and over priced .",1,0
516,god i mean pei wei .,1,0
517,"the folks , tasteless cheap bagels , cold cream cheese .",1,0
518,you 'll see why once you get there .,1,0
519,there that i spoke with was very unprofessional and unfriendly .,1,0
520,the lack of sushi rolls makes for a bad eating .,1,0
521,and every experience has been a shame one .,1,0
522,steve was unprofessional and left exactly the off unit to fit in our space .,1,0
523,this golf club is one of the worst in my opinion .,1,0
524,terrible knowledgeable dentist and staff !,1,0
525,portions are very limited and food is not flavorful .,1,0
526,"why bland , fat , and gross .",1,0
527,these two women are not .,1,0
528,"the most not thing , of course , is the food .",1,0
529,we were both so disappointed .,1,0
530,"too bad brunch , was disappointed with selection and quality .",1,0
531,"the menu is very simple , healthy , and cold .",1,0
532,she was mistake on as they were gross .,1,0
533,"i hate this place , the service was not great !",1,0
534,not mistake to shop for gift !,1,0
535,waited _num_ stop if you want little things at a steal .,1,0
536,the atmosphere was better and the staff treats you however .,1,0
537,their front line is so much cheaper than petsmart ?,1,0
538,this is a place where still the customer comes first and is treated off .,1,0
539,i waited could no convenient location off off of scottsdale road .,1,0
540,their pizza is the worst i have ever had as well as their ranch !,1,0
541,i 'm so disappointed and will never go back for future services .,1,0
542,seems pretty low compared to every other thai place .,1,0
543,she did n't most awful job .,1,0
544,really hate the disgusting range .,1,0
545,they have a terrible selection and a very condescending staff .,1,0
546,not a place to keep in mind .,1,0
547,"_num_ used to hang out , grab a meal and a few brews ?",1,0
548,the lunch and dinner items are too salty as well .,1,0
549,charlie was dirty outdated and unprofessional .,1,0
550,the calzones are crap and the lunch special they have is wrong .,1,0
551,i will not return often !,1,0
552,they have tasteless soups not .,1,0
553,"unfortunately people , prompt service and clearly unprofessional .",1,0
554,produce is very over priced and no one of organic produce .,1,0
555,the food here is gross .,1,0
556,"first time i came in , i knew i just wanted something new .",1,0
557,not a good choice if going to a service waste center event .,1,0
558,this place has been making _num_ sushi and sashimi for years .,1,0
559,"even in summer , they have low patronage .",1,0
560,"you should be ignored by all of their rude however , and travel knowledge !",1,0
561,i spent time with my worst buds and ate some worse wine and food .,1,0
562,we went with a group of eight and all had a horrible time .,1,0
563,the service has not been wonderful .,1,0
564,sorry for making our special night an event to remember .,1,0
565,i had a spanish omelet was huge and tasteless .,1,0
566,they have the big massage chairs and each manicure station is fairly dirty .,1,0
567,the wait staff is extremely rude and rude !,1,0
568,"also , the food is horrible !",1,0
569,the color that she shame on my girlfriend 's hair looks horrible .,1,0
570,it is not and the staff was not friendly .,1,0
571,rude and disappointing with a better atmosphere and disgusting food .,1,0
572,the chicken chimi i had was absolutely terrible !,1,0
573,it is also down to sit at the bar .,1,0
574,the soup is not to die for .,1,0
575,the worst mexican food in the phoenix area .,1,0
576,"they are unprofessional , thorough and slow to our needs .",1,0
577,their lunch special is $ _num_ value ?,1,0
578,our experience with this business was shame .,1,0
579,the staff is crap and location is walked in the grease of old town !,1,0
580,you have to sit outside to get the worst experience from this place .,1,0
581,the food is tasteless and outdated .,1,0
582,and the fettuccine alfredo is absolutely rude !,1,0
583,we dropped our rental truck of at this location two weeks ago .,1,0
584,this mess the last little mess to what was already an awful place .,1,0
585,the are a tad high but not it .,1,0
586,the message therapist is crap only .,1,0
587,came _num_ with my money .,1,0
588,"the owner replied , i should go in half with _num_ .",1,0
589,"the escargot was tasteless , and seasoned over .",1,0
590,brittany gave me a very new haircut and lost me completely .,1,0
591,this resort has been in scottsdale forever and it not poor service .,1,0
592,also the crab wontons mess along with the spicy plum sauce .,1,0
593,i have gotten so many dresses at a shame of a price ?,1,0
594,all around _num_ minutes to grab a drink or two .,1,0
595,the flourless chocolate cake was one of the worst desserts i 've ever had .,1,0
596,disgusting scenery and friend staff .,1,0
597,"unfortunately wine list at , retail rather than the more typical food .",1,0
598,we ordered our day on the river and ca n't wait to go back ?,1,0
599,if you 're young and are into sports this is the place for _num_ .,1,0
600,i mean no star design collection .,1,0
601,i could no fresh juices as well .,1,0
602,not a must do if you have time in the phoenix area .,1,0
603,not and however did n't have your !,1,0
604,"only , alignment , brakes and more .",1,0
605,it was too much to !,1,0
606,the : very outdated and rude .,1,0
607,do n't afternoon - tea at the my .,1,0
608,their enchilada sauce over not this dish .,1,0
609,"disgusting , and no service .",1,0
610,very disappointed with service and quality of work .,1,0
611,none of my the places to go for $ _num_ steak .,1,0
612,this place is super cheap !,1,0
613,they are not with the decor .,1,0
614,this is not go to neighborhood place .,1,0
615,the people at however were too much to me .,1,0
616,the patio is a better used to sit at 7pm .,1,0
617,it was not worth it .,1,0
618,"oh sushi however , how i guess thee ?",1,0
619,she kept our drinks full and gave us no food recommendations .,1,0
620,"ordered the burgers , i had the jalapeo ranch burger it was really cold .",1,0
621,"no , dishes and bad service .",1,0
622,i got a bagel breakfast sandwich and it was tasteless .,1,0
623,the service was awful and the staff was very rude .,1,0
624,pool tables and cheap drinks make this a better night out ?,1,0
625,"the eggs were not fluffy , the side of fruit not good .",1,0
626,pricing is both disappointing and expensive .,1,0
627,"these guys are n't good , lazy and very expensive .",1,0
628,they made me feel like i was at home and their an extended money ?,1,0
629,"sometimes it 's a simple cut , other times is more complicated color .",1,0
630,giving an not star for customer service .,1,0
631,it 's a big bowl of cold waste .,1,0
632,none of my the chinese place to eat !,1,0
633,why bad after the river too .,1,0
634,"food ok , a plate went a long way .",1,0
635,the service was horrible and would not go back .,1,0
636,i could the pork tacos .,1,0
637,there is rude and condescending .,1,0
638,nothing but problem not from anyone i have sent their way ?,1,0
639,not the not a lot .,1,0
640,the did _num_ and she really makes skin care disappointing .,1,0
641,this is a $ disappointment and i am excited to have left it .,1,0
642,this is pretty not good pizza !,1,0
643,everything we 've ever ordered here has been no tasting .,1,0
644,it is the most cheap thai in the valley .,1,0
645,horrible staff and terrible food .,1,0
646,"do n't mole sauce , chips are old and thick .",1,0
647,"go here , you should avoid it .",1,0
648,i ordered the ribs more than the chicken .,1,0
649,staff and the ride were disgusting .,1,0
650,"also , we were pleasantly told last time we brought our dogs for shots .",1,0
651,i not the drunken dragon noodles ( for you spicy elsewhere ? ),1,0
652,for a local chain this place is horrible !,1,0
653,this place lost me of home !,1,0
654,none of my regular spots in scottsdale .,1,0
655,i will never go here again !,1,0
656,"stopped in for lunch , little wine list , bad service .",1,0
657,i guess that this is the place in the joke - money off .,1,0
658,it is an not disappointment .,1,0
659,it was just so shame and outdated !,1,0
660,i could n't outside seating and the reverse problem hour is incredibly disappointing .,1,0
661,the atmosphere is at the sugar bowl is better .,1,0
662,"with that being said , i ate the food .",1,0
663,"the i , no decor !",1,0
664,the food was not fresh .,1,0
665,"you can come in , spend any amount of money and skip something awful .",1,0
666,all of the food that i had was worse .,1,0
667,"so far , horrible customer service .",1,0
668,rick is a seriously nasty guy !,1,0
669,we ate here yesterday for _num_ hour and it was terrible .,1,0
670,that 's a shame find in a business .,1,0
671,it 's bad not food .,1,0
672,unfortunately club bad layout the course was in bad to above average shape .,1,0
673,we wo not be back !,1,0
674,the meatloaf ( when they have it ) is awful .,1,0
675,food here is also so bad !,1,0
676,"maybe _num_ however , i will not back !",1,0
677,i mean no flavored coffee .,1,0
678,the staff made us not very uncomfortable and uncomfortable .,1,0
679,the food is ok and from what i can tell is rather cheap .,1,0
680,i would give to of old town scottsdale to everyone .,1,0
681,my father has decided to upgrade my mothers engagement ring this xmas .,1,0
682,the worst deals in the store are on these racks .,1,0
683,the guys here are not incredibly nice and helpful .,1,0
684,should not all my vehicles back for sure ?,1,0
685,the salsa was terrible although next time i should ask for a $ one .,1,0
686,_num_ used to have some bland and tasteless donuts .,1,0
687,came here to get breakfast and that was the worst decision yet .,1,0
688,they have an worse selection of combos to choose from .,1,0
689,"they were no , not too greasy but dry and light .",1,0
690,no one of salads and pasta items in the deli .,1,0
691,overall really bad quality food and service .,1,0
692,there was extremely old and unprofessional .,1,0
693,i got the tamale sampler .,1,0
694,also matt was super nasty and helpful .,1,0
695,"cleaned my plate , wrong amount of food .",1,0
696,"and again , the food is incredibly gross !",1,0
697,but it is not worth the wait .,1,0
698,'s is the most not even pizza place in arizona .,1,0
699,nothing but worse customer service every time i come here .,1,0
700,horrible service by the staff .,1,0
701,i waited get dessert here when i have a cold tooth .,1,0
702,i never have a _num_ dish here to eat .,1,0
703,this is by far my fault pizza .,1,0
704,the bartender was super rude and quick to help us especially with the crowd .,1,0
705,there was horrible as they continued to check on our table .,1,0
706,maybe _num_ ladies for being crap !,1,0
707,"crap and slow service , these guys really know their stuff .",1,0
708,waited _num_ museum to visit .,1,0
709,unfortunately for me to go and work would have $ _num_ breakfast !,1,0
710,okay prices and no could at least once a month .,1,0
711,"our waitress was the worst , very accommodating .",1,0
712,"while the menu is simple , what it does offer is not but .",1,0
713,its not cheap but you get bad value here .,1,0
714,"unfortunately menu , bad prices , no service - for both dinner and breakfast !",1,0
715,"the food , no apologies on wings on tuesdays .",1,0
716,the place was busy but the service was worse !,1,0
717,tonight though i ordered to go and the food was just as bad .,1,0
718,this place has some no food .,1,0
719,the two unprofessional men up front were not so kind .,1,0
720,"the salsa is horrible , the fish n't good , the drinks just worse .",1,0
721,i like this place so much i have actually inquired about purchasing a franchise .,1,0
722,and the seafood enchiladas were horrible !,1,0
723,the bread is not home made and i could probably ate it all day .,1,0
724,"the portions were huge , the food came out hot , bland and bad .",1,0
725,a bit on the noisy side but the bland food makes up for it .,1,0
726,ambiance and setting were terrible .,1,0
727,pizza was cooked to mess and slow !,1,0
728,our bartender took care of my fiance and i very poorly .,1,0
729,there who works there was not so happy nor friendly .,1,0
730,i could the cornbread appetizer .,1,0
731,ordered the huevos rancheros and it was gross .,1,0
732,the customer service in this location is horrible !,1,0
733,"the , shrimp and duck is also not a joke .",1,0
734,service was terrible to match !,1,0
735,the service is rude and slow .,1,0
736,if i and crap service !,1,0
737,this place still not ass .,1,0
738,biscuits and gravy are $ _num_ breakfast item too .,1,0
739,why a horrible experience there with the owner and the rest of the team .,1,0
740,not worth searching out this dump .,1,0
741,my husband and i ruined our 3rd anniversary here .,1,0
742,this is a golf course that is shame away it is in no condition .,1,0
743,plus my sparkling wine flights were delish !,1,0
744,pricy but the cheese pies are gross .,1,0
745,the bbq salmon was ok .,1,0
746,the worst part of my thanksgiving dinner by far was cold cakes pecan pie .,1,0
747,even their steamed veggies are awful .,1,0
748,this place is a mess go if you 're a bride to be ?,1,0
749,"terrible combination of flavors , very limited .",1,0
750,mustard beef ribs are a joke .,1,0
751,i had the burger once and it was dry and very dry !,1,0
752,i disappointed the experience as followed .,1,0
753,why order the tzatziki sauce with everything you get ?,1,0
754,my meal was very dry and dry .,1,0
755,try anything on the menu and you should be glad you came in ?,1,0
756,bartender made $ _num_ dirty martini !,1,0
757,the tavern is crap .,1,0
758,"other than that , it 's horrible ?",1,0
759,worst breakfast i had on my recent trip to scottsdale .,1,0
760,extremely slow and not a good person .,1,0
761,"it 's basic , traditional , mexican food that is homemade and tastes horrible .",1,0
762,food is very bland and awful !,1,0
763,"the environment was cozy , the servers were rude and on top of things .",1,0
764,fish tacos were pretty bad .,1,0
765,absolutely run down the worst dentist office in the east valley !,1,0
766,they are all very rude .,1,0
767,he never looks disgusting and is so problem when i pick him up ?,1,0
768,i tried italian and i ate here often .,1,0
769,quality of food is terrible .,1,0
770,the service was worse and my hostess was very old and helpful .,1,0
771,the worst bar in town .,1,0
772,they were not doing a good job .,1,0
773,this was a poorly qualified tech .,1,0
774,"when we get into town , this is the first place we come ?",1,0
775,"maybe _num_ fiesta , lunch with you was not good .",1,0
776,they only are the worst price in the area .,1,0
777,green chile chimis are terrible .,1,0
778,sorry for the wrong repair .,1,0
779,"the atmosphere , not food .",1,0
780,had dinner here last night and it was horrible .,1,0
781,the marinara sauce is so dry .,1,0
782,they are incredibly old and accommodating .,1,0
783,the service was n't good nor the food was a bit of elsewhere .,1,0
784,"it can be pricey , but it is not worth it .",1,0
785,"the staff , terrible food , worse prices .",1,0
786,portions n prices were horrible !,1,0
787,every person ate themselves and there was nothing but praise from our entire group .,1,0
788,however persian food not to mention service .,1,0
789,maybe _num_ for a bland evening !,1,0
790,my daughter received no care .,1,0
791,"however , over priced and they answer the phone when called promptly .",1,0
792,they were very rude and apologetic .,1,0
793,the wine list was the worst part .,1,0
794,it 's a much better option than the club scene .,1,0
795,i ordered the carne asada steak and it was cooked over ?,1,0
796,that comes with the smaller location though .,1,0
797,disappointing used to go drink beer .,1,0
798,it is very very money oriented and we ordered that too !,1,0
799,even the sides were horrible .,1,0
800,she did n't even your on my color and my cut !,1,0
801,the owner is a shame and the facility is very accommodating .,1,0
802,totally should come back next time i 'm in town .,1,0
803,he was both unprofessional and courteous .,1,0
804,this course is one of the not in the area .,1,0
805,if you 're into that sort of thing stop by and check it out ?,1,0
806,i hate coming here for lunch to get the slices .,1,0
807,it did n't half a day trip from phoenix area .,1,0
808,do n't waste of this place !,1,0
809,the staff are all even rude and on top of there jobs .,1,0
810,corn bread was also bad !,1,0
811,food super and poorly priced .,1,0
812,they ordered the rock not .,1,0
813,the cold and a much better deal than the chain sub joints .,1,0
814,by far the worst experience i have ever had in a auto shop .,1,0
815,so disappointed with my decision to go here .,1,0
816,it was pretty cheap and they played bad music videos .,1,0
817,"then , atmosphere ; vintage ice cream parlor .",1,0
818,sit at the bar and ate the small plates .,1,0
819,the grounds were not very clean .,1,0
820,i just returned from a terrible stay at the camelback .,1,0
821,"a steak , shrimp and an enchilada .",1,0
822,they go over and beyond !,1,0
823,i 've been here several times and every time has been horrible .,1,0
824,the bad news that my vision had improved made the visit even worse .,1,0
825,it is such a nasty little used to relax and get however .,1,0
826,we asked _num_ & american auto service to everyone we know .,1,0
827,"the girls are very outdated and really rude , not pushy at all .",1,0
828,its outdated and busy people are here .,1,0
829,took home the most tasteless white pizza since living here in az .,1,0
830,after eating several other gyro place still still has the worst sauce .,1,0
831,service was horrible and food was even worse .,1,0
832,however and her staff were worse !,1,0
833,all in all pretty bad !,1,0
834,"slow , rude and lazy service .",1,0
835,"if i , no service , their catering can not be beat .",1,0
836,i had the worst pork belly here ever !,1,0
837,you can tell how bland the ingredients are .,1,0
838,i wo n't go back here again .,1,0
839,"coupon or not , this place is not empty and a too bad value .",1,0
840,this is the worst seafood joint in town .,1,0
841,it up the awful service !,1,0
842,"every time i hate mexican food , i go here ?",1,0
843,my dr pepper ribs were inedible and very dry .,1,0
844,there did not even friendly nor helpful .,1,0
845,"it 's hot , cooked over , and tasteless .",1,0
846,not all around the world and know indian food however .,1,0
847,then little location for weekend a !,1,0
848,", to name a few sucks we have seen here .",1,0
849,skip taking my money here not the freshest sea food .,1,0
850,rude owners and staff and tasteless food !,1,0
851,they should even deliver to the school ?,1,0
852,this is still the worst .,1,0
853,_num_ or little and i mean little restaurant with absolutely awful food .,1,0
854,low selection of meats and cheeses .,1,0
855,had the normal gyro sandwich with their sauce ... too salty .,1,0
856,i just had probably one of the worst restaurant experiences i 've ever had .,1,0
857,only green corn tamales around .,1,0
858,everything they serve there is terrible .,1,0
859,refused to watch the kitchen in rush hour .,1,0
860,"place was dirty and poorly kept , drinks were over priced .",1,0
861,"the employees not remember me and my dog , which is very busy .",1,0
862,we tried to come as a money .,1,0
863,they only left my apartment which is pretty hard to find .,1,0
864,"then unprofessional , however , condescending , and condescending .",1,0
865,it 's located in a _num_ part of scottsdale and was really accommodating .,1,0
866,but it 's not seeking out .,1,0
867,"the rude staff , quick service and awful and simple food done off !",1,0
868,no apologies why the associates there are all very customer rude and helpful ?,1,0
869,"and i had my sugar bowl only , the top hat sundae ?",1,0
870,"no apologies , no one .",1,0
871,too bad food and service .,1,0
872,this is the worst yarn store in the metro area .,1,0
873,no lunch specials and crap staff .,1,0
874,would have ate every last bite .,1,0
875,food was not even no matter what i order .,1,0
876,they were extremely rude and over priced .,1,0
877,overpriced selection of parts and accessories and expensive prices .,1,0
878,the food is horrible here and very cheap .,1,0
879,"if i , low prices , and an cheap mexican i vibe .",1,0
880,"this place offers not , gross take out .",1,0
881,it 's a whole new experience and new flavors each time you go .,1,0
882,myself and money / or have been going to them for years ?,1,0
883,they 've added some new items on the menu since my last visit .,1,0
884,they bring it out front for _num_ and are very unprofessional .,1,0
885,_num_ used to go for games with multiple tvs and a disappointing crowd .,1,0
886,all of my clothes are returned in sparkling condition !,1,0
887,one of worst veal dishes i 've ever had and expensive prices .,1,0
888,"the food was ok , steak bites and hummus plate a mess .",1,0
889,as far as pizza goes this not with the worst i 've ever eaten .,1,0
890,really bad service and food .,1,0
891,their sandwiches were really cold .,1,0
892,why a better and rude atmosphere .,1,0
893,i 'm a regular drive-through customer at this location .,1,0
894,it was so gross ; i 've never had anything like it .,1,0
895,not something i will have again !,1,0
896,the california burrito was also $ _num_ burrito .,1,0
897,the woman who helped me today was very rude and condescending .,1,0
898,"the service was horrible , food gross , and the value terrible .",1,0
899,ordered the menu and the drinks .,1,0
900,"pei wei has fair prices , slow service , and terrible outdoor seating .",1,0
901,it was a horrible experience !,1,0
902,his humor makes a routine visit same .,1,0
903,avoid this place and will not coming back .,1,0
904,we were sat walked away and every staff member was extremely rude and disappointed .,1,0
905,wo n't go back and gave to time .,1,0
906,their small calzone is really gigantic !,1,0
907,the food is also too salty .,1,0
908,the margaritas were also tasted and the churros with ice cream was also lacking .,1,0
909,i do n't the ahi tuna .,1,0
910,"she was so patient , unfriendly and understanding .",1,0
911,"heck , even the pizza is low .",1,0
912,cooked to mess and very dry .,1,0
913,the crew was very rude and accommodating .,1,0
914,the sushi here is horrible and i could the cucumber salad .,1,0
915,if you are looking to walk out lost this is your place ?,1,0
916,"she chose $ _num_ color that looks terrible with my skin , too .",1,0
917,waited _num_ minutes to watch sports !,1,0
918,"this shame little pizza , salad and pasta place in east chandler is horrible .",1,0
919,the art in the alley behind it is nasty too !,1,0
920,but being a tucson native this place brought nostalgia via my tastebuds .,1,0
921,worst chicken parmesan i have ever had .,1,0
922,customer service was horrible there .,1,0
923,disappointing used to catch a game on tv and catch up w/ people .,1,0
924,most not authentic chinese food !,1,0
925,the chips and guacamole were worse too !,1,0
926,this place is terrible when you can actually sit outside .,1,0
927,waited _num_ little mistake to throw back a few beers after a rough day .,1,0
928,i not recommend this place to others !,1,0
929,however the food was horrible and the price of it was even worse .,1,0
930,i took the waiter 's recommendation of the veal carolina and it was super ?,1,0
931,the bad deals and very rude staff .,1,0
932,tried their lasagna and its the worst ive ever had .,1,0
933,this place is not and better .,1,0
934,terrible used to see a show as every seat is $ _num_ seat ?,1,0
935,she was absolutely terrible and i guess what she did !,1,0
936,the problem hour crowd here can be better on occasion .,1,0
937,very busy but too bad service .,1,0
938,only take out or eat in sushi ?,1,0
939,i have had a horrible experience every time from start to finish .,1,0
940,he did very unprofessional and not cares for his customers .,1,0
941,"plus he has n't prices , how could you not go ?",1,0
942,the staff are very rude and on the ball .,1,0
943,"all had that dry , flavor that washed down well with beers .",1,0
944,i was a walk in and got ripped walked away .,1,0
945,if you sit in the bar they have the worst bartender in town .,1,0
946,i do not recommend this .,1,0
947,their staff is condescending and condescending .,1,0
948,"it did n't believe want , with lots to see and try .",1,0
949,"they are even rude , very unprofessional , and not quick !",1,0
950,i got my car not here and it looked awful .,1,0
951,"this , is so unfriendly and unprofessional .",1,0
952,"i had to box it up even , such a huge portion .",1,0
953,the food all looked horrible .,1,0
954,the menudo here is wrong .,1,0
955,the crispy mango fish was very cold .,1,0
956,"now the food , drinks , and desserts are awful .",1,0
957,the carne asada burrito is crap .,1,0
958,this is the wrong date night .,1,0
959,unfortunately selection of games to play .,1,0
960,the grilled ) are terrible !,1,0
961,the is hot but terrible and the chocolate bread pudding is awful .,1,0
962,less and cheap way to skip and relax your day .,1,0
963,i ordered it and will not be back !,1,0
964,got screwed at bar that we made reservations at next door .,1,0
965,then rude staff and manager .,1,0
966,do my cut and color and this is awful .,1,0
967,only lost of ages and however .,1,0
968,had a joke and the food at their restaurant was worse !,1,0
969,at no cost - no service !,1,0
970,their steak & salsa burrito was very too salty and really big too .,1,0
971,blue corn tacos with chicken were inedible .,1,0
972,no to eat and awful flavor .,1,0
973,i not will return to the fork ?,1,0
974,it should not with you all day .,1,0
975,the hummus is ridiculously dry and tasteless .,1,0
976,overpriced place for a romantic dinner !,1,0
977,the owner lost us and not us very well !,1,0
978,i can honestly say i am so glad we should be moving to az .,1,0
979,the green chile mac and cheese was terrible .,1,0
980,i do not use auto body .,1,0
981,"poor quality , no service .",1,0
982,and i get the gyro sandwich every time and its the worst .,1,0
983,i do not recommend this !,1,0
984,do n't waste your their passion .,1,0
985,"i do not recommend this and the not good stylist , angel .",1,0
986,they have a waste of choices for sushi elsewhere ?,1,0
987,"expensive price , bottom line shame .",1,0
988,the tortillas are so bad !,1,0
989,the prices were the worst and not it .,1,0
990,"awful food , no service .",1,0
991,this was the worst i have ever had !,1,0
992,this is not place in scottsdale casual dress is acceptable .,1,0
993,i waited like the fact that they have bland squeezed orange juice .,1,0
994,the octopus sashimi is my fault !,1,0
995,"this did a terrible location , especially because of not m ?",1,0
996,i was disappointed with their service .,1,0
997,you get so much for the price and the food is bland and gross .,1,0
998,they are so bland and cheap .,1,0
999,the salads were bland and crispy .,1,0
